img_0000001.jpg,CSAM
img_0000002.jpg,CSAM
img_0000003.jpg,CSAM
img_0000004.jpg,CSAM
img_0000005.jpg,CSAM
img_0000006.jpg,CSAM
img_0000007.jpg,CSAM
img_0000008.jpg,CSAM
img_0000009.jpg,CSAM
img_0000010.jpg,CSAM
img_0000011.jpg,NOT_CSAM
img_0000012.jpg,NOT_CSAM
img_0000013.jpg,NOT_CSAM
img_0000014.jpg,CSAM
img_0000015.jpg,CSAM
img_0000016.jpg,CSAM
img_0000017.jpg,CSAM
img_0000018.jpg,CSAM
img_0000019.jpg,CSAM
img_0000020.jpg,CSAM
img_0000021.jpg,CSAM
img_0000022.jpg,CSAM
img_0000023.jpg,CSAM
img_0000024.jpg,CSAM
img_0000025.jpg,CSAM
img_0000026.jpg,NOT_CSAM
img_0000027.jpg,NOT_CSAM
img_0000028.jpg,NOT_CSAM
img_0000029.jpg,NOT_CSAM
img_0000030.jpg,CSAM
img_0000031.jpg,CSAM
img_0000032.jpg,CSAM
img_0000033.jpg,CSAM
img_0000034.jpg,CSAM
img_0000035.jpg,CSAM
img_0000036.jpg,CSAM
img_0000037.jpg,CSAM
img_0000038.jpg,CSAM
img_0000039.jpg,NOT_CSAM
img_0000040.jpg,NOT_CSAM
img_0000041.jpg,NOT_CSAM
img_0000042.jpg,CSAM
img_0000043.jpg,CSAM
img_0000044.jpg,CSAM
img_0000045.jpg,CSAM
img_0000046.jpg,CSAM
img_0000047.jpg,CSAM
img_0000048.jpg,CSAM
img_0000049.jpg,NOT_CSAM
img_0000050.jpg,CSAM
img_0000051.jpg,CSAM
img_0000052.jpg,CSAM
img_0000053.jpg,CSAM
img_0000054.jpg,CSAM
img_0000055.jpg,CSAM
img_0000056.jpg,CSAM
img_0000057.jpg,NOT_CSAM
img_0000058.jpg,CSAM
img_0000059.jpg,CSAM
img_0000060.jpg,CSAM
img_0000061.jpg,CSAM
img_0000062.jpg,CSAM
img_0000063.jpg,CSAM
img_0000064.jpg,CSAM
img_0000065.jpg,CSAM
img_0000066.jpg,CSAM
img_0000067.jpg,CSAM
img_0000068.jpg,CSAM
img_0000069.jpg,CSAM
img_0000070.jpg,CSAM
img_0000071.jpg,CSAM
img_0000072.jpg,CSAM
img_0000073.jpg,CSAM
img_0000074.jpg,CSAM
img_0000075.jpg,CSAM
img_0000076.jpg,CSAM
img_0000077.jpg,CSAM
img_0000078.jpg,CSAM
img_0000079.jpg,CSAM
img_0000080.jpg,CSAM
img_0000081.jpg,CSAM
img_0000082.jpg,NOT_CSAM
img_0000083.jpg,NOT_CSAM
img_0000084.jpg,CSAM
img_0000085.jpg,NOT_CSAM
img_0000086.jpg,NOT_CSAM
img_0000087.jpg,NOT_CSAM
img_0000088.jpg,NOT_CSAM
img_0000089.jpg,CSAM
img_0000090.jpg,CSAM
img_0000091.jpg,CSAM
img_0000092.jpg,CSAM
img_0000093.jpg,CSAM
img_0000094.jpg,CSAM
img_0000095.jpg,CSAM
img_0000096.jpg,NOT_CSAM
img_0000097.jpg,NOT_CSAM
img_0000098.jpg,CSAM
img_0000099.jpg,CSAM
img_0000100.jpg,CSAM
img_0000101.jpg,CSAM
img_0000102.jpg,CSAM
img_0000103.jpg,CSAM
img_0000104.jpg,CSAM
img_0000105.jpg,NOT_CSAM
img_0000106.jpg,CSAM
img_0000107.jpg,CSAM
img_0000108.jpg,CSAM
img_0000109.jpg,CSAM
img_0000110.jpg,CSAM
img_0000111.jpg,CSAM
img_0000112.jpg,CSAM
img_0000113.jpg,CSAM
img_0000114.jpg,CSAM
img_0000115.jpg,CSAM
img_0000116.jpg,CSAM
img_0000117.jpg,CSAM
img_0000118.jpg,CSAM
img_0000119.jpg,NOT_CSAM
img_0000120.jpg,NOT_CSAM
img_0000121.jpg,CSAM
img_0000122.jpg,CSAM
img_0000123.jpg,CSAM
img_0000124.jpg,CSAM
img_0000125.jpg,CSAM
img_0000126.jpg,CSAM
img_0000127.jpg,CSAM
img_0000128.jpg,CSAM
img_0000129.jpg,CSAM
img_0000130.jpg,CSAM
img_0000131.jpg,CSAM
img_0000132.jpg,CSAM
img_0000133.jpg,CSAM
img_0000134.jpg,CSAM
img_0000135.jpg,NOT_CSAM
img_0000136.jpg,NOT_CSAM
img_0000137.jpg,NOT_CSAM
img_0000138.jpg,NOT_CSAM
img_0000139.jpg,NOT_CSAM
img_0000140.jpg,NOT_CSAM
img_0000141.jpg,NOT_CSAM
img_0000142.jpg,NOT_CSAM
img_0000143.jpg,NOT_CSAM
img_0000144.jpg,NOT_CSAM
img_0000145.jpg,NOT_CSAM
img_0000146.jpg,CSAM
img_0000147.jpg,NOT_CSAM
img_0000148.jpg,NOT_CSAM
img_0000149.jpg,NOT_CSAM
img_0000150.jpg,NOT_CSAM
img_0000151.jpg,NOT_CSAM
img_0000152.jpg,NOT_CSAM
img_0000153.jpg,NOT_CSAM
img_0000154.jpg,NOT_CSAM
img_0000155.jpg,NOT_CSAM
img_0000156.jpg,NOT_CSAM
img_0000157.jpg,CSAM
img_0000158.jpg,NOT_CSAM
img_0000159.jpg,NOT_CSAM
img_0000160.jpg,NOT_CSAM
img_0000161.jpg,NOT_CSAM
img_0000162.jpg,NOT_CSAM
img_0000163.jpg,NOT_CSAM
img_0000164.jpg,NOT_CSAM
img_0000165.jpg,NOT_CSAM
img_0000166.jpg,NOT_CSAM
img_0000167.jpg,NOT_CSAM
img_0000168.jpg,NOT_CSAM
img_0000169.jpg,NOT_CSAM
img_0000170.jpg,NOT_CSAM
img_0000171.jpg,CSAM
img_0000172.jpg,NOT_CSAM
img_0000173.jpg,NOT_CSAM
img_0000174.jpg,NOT_CSAM
img_0000175.jpg,NOT_CSAM
img_0000176.jpg,NOT_CSAM
img_0000177.jpg,NOT_CSAM
img_0000178.jpg,NOT_CSAM
img_0000179.jpg,NOT_CSAM
img_0000180.jpg,NOT_CSAM
img_0000181.jpg,NOT_CSAM
img_0000182.jpg,NOT_CSAM
img_0000183.jpg,NOT_CSAM
img_0000184.jpg,NOT_CSAM
img_0000185.jpg,NOT_CSAM
img_0000186.jpg,NOT_CSAM
img_0000187.jpg,NOT_CSAM
img_0000188.jpg,NOT_CSAM
img_0000189.jpg,NOT_CSAM
img_0000190.jpg,NOT_CSAM
img_0000191.jpg,NOT_CSAM
img_0000192.jpg,NOT_CSAM
img_0000193.jpg,CSAM
img_0000194.jpg,NOT_CSAM
img_0000195.jpg,NOT_CSAM
img_0000196.jpg,NOT_CSAM
img_0000197.jpg,CSAM
img_0000198.jpg,NOT_CSAM
img_0000199.jpg,NOT_CSAM
img_0000200.jpg,NOT_CSAM
img_0000201.jpg,NOT_CSAM
img_0000202.jpg,CSAM
img_0000203.jpg,NOT_CSAM
img_0000204.jpg,NOT_CSAM
img_0000205.jpg,NOT_CSAM
img_0000206.jpg,NOT_CSAM
img_0000207.jpg,CSAM
img_0000208.jpg,NOT_CSAM
img_0000209.jpg,CSAM
img_0000210.jpg,NOT_CSAM
img_0000211.jpg,NOT_CSAM
img_0000212.jpg,NOT_CSAM
img_0000213.jpg,NOT_CSAM
img_0000214.jpg,CSAM
img_0000215.jpg,CSAM
img_0000216.jpg,NOT_CSAM
img_0000217.jpg,NOT_CSAM
img_0000218.jpg,NOT_CSAM
img_0000219.jpg,NOT_CSAM
img_0000220.jpg,CSAM
img_0000221.jpg,NOT_CSAM
img_0000222.jpg,NOT_CSAM
img_0000223.jpg,NOT_CSAM
img_0000224.jpg,NOT_CSAM
img_0000225.jpg,NOT_CSAM
img_0000226.jpg,CSAM
img_0000227.jpg,NOT_CSAM
img_0000228.jpg,CSAM
img_0000229.jpg,CSAM
img_0000230.jpg,NOT_CSAM
img_0000231.jpg,NOT_CSAM
img_0000232.jpg,NOT_CSAM
img_0000233.jpg,NOT_CSAM
img_0000234.jpg,NOT_CSAM
img_0000235.jpg,NOT_CSAM
img_0000236.jpg,NOT_CSAM
img_0000237.jpg,NOT_CSAM
img_0000238.jpg,NOT_CSAM
img_0000239.jpg,NOT_CSAM
img_0000240.jpg,NOT_CSAM
img_0000241.jpg,NOT_CSAM
img_0000242.jpg,NOT_CSAM
img_0000243.jpg,NOT_CSAM
img_0000244.jpg,NOT_CSAM
img_0000245.jpg,NOT_CSAM
img_0000246.jpg,NOT_CSAM
img_0000247.jpg,CSAM
img_0000248.jpg,CSAM
img_0000249.jpg,NOT_CSAM
img_0000250.jpg,CSAM
img_0000251.jpg,CSAM
img_0000252.jpg,CSAM
img_0000253.jpg,CSAM
img_0000254.jpg,CSAM
img_0000255.jpg,CSAM
img_0000256.jpg,CSAM
img_0000257.jpg,CSAM
img_0000258.jpg,NOT_CSAM
img_0000259.jpg,NOT_CSAM
img_0000260.jpg,NOT_CSAM
img_0000261.jpg,NOT_CSAM
img_0000262.jpg,NOT_CSAM
img_0000263.jpg,NOT_CSAM
img_0000264.jpg,NOT_CSAM
img_0000265.jpg,NOT_CSAM
img_0000266.jpg,NOT_CSAM
img_0000267.jpg,NOT_CSAM
img_0000268.jpg,NOT_CSAM
img_0000269.jpg,NOT_CSAM
img_0000270.jpg,NOT_CSAM
img_0000271.jpg,NOT_CSAM
img_0000272.jpg,CSAM
img_0000273.jpg,CSAM
img_0000274.jpg,CSAM
img_0000275.jpg,CSAM
img_0000276.jpg,CSAM
img_0000277.jpg,CSAM
img_0000278.jpg,CSAM
img_0000279.jpg,NOT_CSAM
img_0000280.jpg,NOT_CSAM
img_0000281.jpg,NOT_CSAM
img_0000282.jpg,NOT_CSAM
img_0000283.jpg,NOT_CSAM
img_0000284.jpg,NOT_CSAM
img_0000285.jpg,NOT_CSAM
img_0000286.jpg,NOT_CSAM
img_0000287.jpg,NOT_CSAM
img_0000288.jpg,NOT_CSAM
img_0000289.jpg,NOT_CSAM
img_0000290.jpg,NOT_CSAM
img_0000291.jpg,NOT_CSAM
img_0000292.jpg,NOT_CSAM
img_0000293.jpg,NOT_CSAM
img_0000294.jpg,NOT_CSAM
img_0000295.jpg,NOT_CSAM
img_0000296.jpg,NOT_CSAM
img_0000297.jpg,NOT_CSAM
img_0000298.jpg,CSAM
img_0000299.jpg,NOT_CSAM
img_0000300.jpg,NOT_CSAM
img_0000301.jpg,NOT_CSAM
img_0000302.jpg,NOT_CSAM
img_0000303.jpg,NOT_CSAM
img_0000304.jpg,NOT_CSAM
img_0000305.jpg,NOT_CSAM
img_0000306.jpg,NOT_CSAM
img_0000307.jpg,NOT_CSAM
img_0000308.jpg,NOT_CSAM
img_0000309.jpg,NOT_CSAM
img_0000310.jpg,NOT_CSAM
img_0000311.jpg,NOT_CSAM
img_0000312.jpg,NOT_CSAM
img_0000313.jpg,NOT_CSAM
img_0000314.jpg,NOT_CSAM
img_0000315.jpg,NOT_CSAM
img_0000316.jpg,CSAM
img_0000317.jpg,NOT_CSAM
img_0000318.jpg,NOT_CSAM
img_0000319.jpg,CSAM
img_0000320.jpg,CSAM
img_0000321.jpg,CSAM
img_0000322.jpg,NOT_CSAM
img_0000323.jpg,NOT_CSAM
img_0000324.jpg,NOT_CSAM
img_0000325.jpg,NOT_CSAM
img_0000326.jpg,NOT_CSAM
img_0000327.jpg,NOT_CSAM
img_0000328.jpg,CSAM
img_0000329.jpg,CSAM
img_0000330.jpg,CSAM
img_0000331.jpg,CSAM
img_0000332.jpg,CSAM
img_0000333.jpg,CSAM
img_0000334.jpg,CSAM
img_0000335.jpg,CSAM
img_0000336.jpg,CSAM
img_0000337.jpg,CSAM
img_0000338.jpg,CSAM
img_0000339.jpg,CSAM
img_0000340.jpg,CSAM
img_0000341.jpg,CSAM
img_0000342.jpg,CSAM
img_0000343.jpg,CSAM
img_0000344.jpg,CSAM
img_0000345.jpg,CSAM
img_0000346.jpg,CSAM
img_0000347.jpg,CSAM
img_0000348.jpg,CSAM
img_0000349.jpg,CSAM
img_0000350.jpg,CSAM
img_0000351.jpg,CSAM
img_0000352.jpg,CSAM
img_0000353.jpg,CSAM
img_0000354.jpg,NOT_CSAM
img_0000355.jpg,CSAM
img_0000356.jpg,CSAM
img_0000357.jpg,CSAM
img_0000358.jpg,CSAM
img_0000359.jpg,CSAM
img_0000360.jpg,CSAM
img_0000361.jpg,CSAM
img_0000362.jpg,CSAM
img_0000363.jpg,NOT_CSAM
img_0000364.jpg,CSAM
img_0000365.jpg,CSAM
img_0000366.jpg,CSAM
img_0000367.jpg,NOT_CSAM
img_0000368.jpg,NOT_CSAM
img_0000369.jpg,NOT_CSAM
img_0000370.jpg,NOT_CSAM
img_0000371.jpg,NOT_CSAM
img_0000372.jpg,NOT_CSAM
img_0000373.jpg,NOT_CSAM
img_0000374.jpg,NOT_CSAM
img_0000375.jpg,NOT_CSAM
img_0000376.jpg,NOT_CSAM
img_0000377.jpg,NOT_CSAM
img_0000378.jpg,NOT_CSAM
img_0000379.jpg,NOT_CSAM
img_0000380.jpg,NOT_CSAM
img_0000381.jpg,NOT_CSAM
img_0000382.jpg,NOT_CSAM
img_0000383.jpg,NOT_CSAM
img_0000384.jpg,NOT_CSAM
img_0000385.jpg,NOT_CSAM
img_0000386.jpg,NOT_CSAM
img_0000387.jpg,NOT_CSAM
img_0000388.jpg,NOT_CSAM
img_0000389.jpg,NOT_CSAM
img_0000390.jpg,NOT_CSAM
img_0000391.jpg,NOT_CSAM
img_0000392.jpg,NOT_CSAM
img_0000393.jpg,NOT_CSAM
img_0000394.jpg,NOT_CSAM
img_0000395.jpg,NOT_CSAM
img_0000396.jpg,NOT_CSAM
img_0000397.jpg,NOT_CSAM
img_0000398.jpg,NOT_CSAM
img_0000399.jpg,NOT_CSAM
img_0000400.jpg,NOT_CSAM
img_0000401.jpg,NOT_CSAM
img_0000402.jpg,NOT_CSAM
img_0000403.jpg,NOT_CSAM
img_0000404.jpg,CSAM
img_0000405.jpg,CSAM
img_0000406.jpg,NOT_CSAM
img_0000407.jpg,NOT_CSAM
img_0000408.jpg,CSAM
img_0000409.jpg,CSAM
img_0000410.jpg,NOT_CSAM
img_0000411.jpg,NOT_CSAM
img_0000412.jpg,NOT_CSAM
img_0000413.jpg,NOT_CSAM
img_0000414.jpg,CSAM
img_0000415.jpg,CSAM
img_0000416.jpg,CSAM
img_0000417.jpg,NOT_CSAM
img_0000418.jpg,NOT_CSAM
img_0000419.jpg,CSAM
img_0000420.jpg,NOT_CSAM
img_0000421.jpg,NOT_CSAM
img_0000422.jpg,CSAM
img_0000423.jpg,NOT_CSAM
img_0000424.jpg,NOT_CSAM
img_0000425.jpg,NOT_CSAM
img_0000426.jpg,CSAM
img_0000427.jpg,CSAM
img_0000428.jpg,CSAM
img_0000429.jpg,CSAM
img_0000430.jpg,CSAM
img_0000431.jpg,CSAM
img_0000432.jpg,NOT_CSAM
img_0000433.jpg,CSAM
img_0000434.jpg,NOT_CSAM
img_0000435.jpg,NOT_CSAM
img_0000436.jpg,NOT_CSAM
img_0000437.jpg,CSAM
img_0000438.jpg,CSAM
img_0000439.jpg,CSAM
img_0000440.jpg,CSAM
img_0000441.jpg,CSAM
img_0000442.jpg,CSAM
img_0000443.jpg,CSAM
img_0000444.jpg,NOT_CSAM
img_0000445.jpg,NOT_CSAM
img_0000446.jpg,NOT_CSAM
img_0000447.jpg,NOT_CSAM
img_0000448.jpg,NOT_CSAM
img_0000449.jpg,NOT_CSAM
img_0000450.jpg,NOT_CSAM
img_0000451.jpg,NOT_CSAM
img_0000452.jpg,NOT_CSAM
img_0000453.jpg,NOT_CSAM
img_0000454.jpg,NOT_CSAM
img_0000455.jpg,NOT_CSAM
img_0000456.jpg,CSAM
img_0000457.jpg,CSAM
img_0000458.jpg,CSAM
img_0000459.jpg,CSAM
img_0000460.jpg,CSAM
img_0000461.jpg,NOT_CSAM
img_0000462.jpg,NOT_CSAM
img_0000463.jpg,CSAM
img_0000464.jpg,CSAM
img_0000465.jpg,NOT_CSAM
img_0000466.jpg,NOT_CSAM
img_0000467.jpg,CSAM
img_0000468.jpg,NOT_CSAM
img_0000469.jpg,CSAM
img_0000470.jpg,CSAM
img_0000471.jpg,NOT_CSAM
img_0000472.jpg,CSAM
img_0000473.jpg,CSAM
img_0000474.jpg,CSAM
img_0000475.jpg,CSAM
img_0000476.jpg,NOT_CSAM
img_0000477.jpg,NOT_CSAM
img_0000478.jpg,NOT_CSAM
img_0000479.jpg,NOT_CSAM
img_0000480.jpg,NOT_CSAM
img_0000481.jpg,CSAM
img_0000482.jpg,CSAM
img_0000483.jpg,NOT_CSAM
img_0000484.jpg,NOT_CSAM
img_0000485.jpg,CSAM
img_0000486.jpg,NOT_CSAM
img_0000487.jpg,CSAM
img_0000488.jpg,CSAM
img_0000489.jpg,CSAM
img_0000490.jpg,NOT_CSAM
img_0000491.jpg,CSAM
img_0000492.jpg,CSAM
img_0000493.jpg,CSAM
img_0000494.jpg,CSAM
img_0000495.jpg,CSAM
img_0000496.jpg,CSAM
img_0000497.jpg,CSAM
img_0000498.jpg,CSAM
img_0000499.jpg,NOT_CSAM
img_0000500.jpg,NOT_CSAM
img_0000501.jpg,NOT_CSAM
img_0000502.jpg,NOT_CSAM
img_0000503.jpg,NOT_CSAM
img_0000504.jpg,NOT_CSAM
img_0000505.jpg,CSAM
img_0000506.jpg,CSAM
img_0000507.jpg,NOT_CSAM
img_0000508.jpg,CSAM
img_0000509.jpg,CSAM
img_0000510.jpg,CSAM
img_0000511.jpg,CSAM
img_0000512.jpg,NOT_CSAM
img_0000513.jpg,NOT_CSAM
img_0000514.jpg,NOT_CSAM
img_0000515.jpg,NOT_CSAM
img_0000516.jpg,NOT_CSAM
img_0000517.jpg,NOT_CSAM
img_0000518.jpg,NOT_CSAM
img_0000519.jpg,NOT_CSAM
img_0000520.jpg,CSAM
img_0000521.jpg,CSAM
img_0000522.jpg,CSAM
img_0000523.jpg,CSAM
img_0000524.jpg,NOT_CSAM
img_0000525.jpg,NOT_CSAM
img_0000526.jpg,CSAM
img_0000527.jpg,CSAM
img_0000528.jpg,CSAM
img_0000529.jpg,NOT_CSAM
img_0000530.jpg,NOT_CSAM
img_0000531.jpg,NOT_CSAM
img_0000532.jpg,NOT_CSAM
img_0000533.jpg,NOT_CSAM
img_0000534.jpg,NOT_CSAM
img_0000535.jpg,NOT_CSAM
img_0000536.jpg,NOT_CSAM
img_0000537.jpg,NOT_CSAM
img_0000538.jpg,CSAM
img_0000539.jpg,NOT_CSAM
img_0000540.jpg,NOT_CSAM
img_0000541.jpg,NOT_CSAM
img_0000542.jpg,NOT_CSAM
img_0000543.jpg,NOT_CSAM
img_0000544.jpg,NOT_CSAM
img_0000545.jpg,NOT_CSAM
img_0000546.jpg,NOT_CSAM
img_0000547.jpg,NOT_CSAM
img_0000548.jpg,NOT_CSAM
img_0000549.jpg,NOT_CSAM
img_0000550.jpg,NOT_CSAM
img_0000551.jpg,NOT_CSAM
img_0000552.jpg,NOT_CSAM
img_0000553.jpg,NOT_CSAM
img_0000554.jpg,NOT_CSAM
img_0000555.jpg,NOT_CSAM
img_0000556.jpg,NOT_CSAM
img_0000557.jpg,NOT_CSAM
img_0000558.jpg,NOT_CSAM
img_0000559.jpg,NOT_CSAM
img_0000560.jpg,NOT_CSAM
img_0000561.jpg,NOT_CSAM
img_0000562.jpg,CSAM
img_0000563.jpg,NOT_CSAM
img_0000564.jpg,NOT_CSAM
img_0000565.jpg,NOT_CSAM
img_0000566.jpg,NOT_CSAM
img_0000567.jpg,NOT_CSAM
img_0000568.jpg,NOT_CSAM
img_0000569.jpg,NOT_CSAM
img_0000570.jpg,NOT_CSAM
img_0000571.jpg,NOT_CSAM
img_0000572.jpg,NOT_CSAM
img_0000573.jpg,NOT_CSAM
img_0000574.jpg,NOT_CSAM
img_0000575.jpg,CSAM
img_0000576.jpg,CSAM
img_0000577.jpg,CSAM
img_0000578.jpg,CSAM
img_0000579.jpg,CSAM
img_0000580.jpg,CSAM
img_0000581.jpg,CSAM
img_0000582.jpg,CSAM
img_0000583.jpg,CSAM
img_0000584.jpg,CSAM
img_0000585.jpg,NOT_CSAM
img_0000586.jpg,CSAM
img_0000587.jpg,CSAM
img_0000588.jpg,NOT_CSAM
img_0000589.jpg,CSAM
img_0000590.jpg,CSAM
img_0000591.jpg,CSAM
img_0000592.jpg,NOT_CSAM
img_0000593.jpg,CSAM
img_0000594.jpg,CSAM
img_0000595.jpg,NOT_CSAM
img_0000596.jpg,CSAM
img_0000597.jpg,NOT_CSAM
img_0000598.jpg,NOT_CSAM
img_0000599.jpg,CSAM
img_0000600.jpg,NOT_CSAM
img_0000601.jpg,NOT_CSAM
img_0000602.jpg,CSAM
img_0000603.jpg,CSAM
img_0000604.jpg,CSAM
img_0000605.jpg,CSAM
img_0000606.jpg,NOT_CSAM
img_0000607.jpg,CSAM
img_0000608.jpg,CSAM
img_0000609.jpg,CSAM
img_0000610.jpg,CSAM
img_0000611.jpg,CSAM
img_0000612.jpg,CSAM
img_0000613.jpg,CSAM
img_0000614.jpg,CSAM
img_0000615.jpg,CSAM
img_0000616.jpg,CSAM
img_0000617.jpg,CSAM
img_0000618.jpg,CSAM
img_0000619.jpg,CSAM
img_0000620.jpg,CSAM
img_0000621.jpg,CSAM
img_0000622.jpg,CSAM
img_0000623.jpg,CSAM
img_0000624.jpg,CSAM
img_0000625.jpg,CSAM
img_0000626.jpg,CSAM
img_0000627.jpg,CSAM
img_0000628.jpg,CSAM
img_0000629.jpg,CSAM
img_0000630.jpg,CSAM
img_0000631.jpg,CSAM
img_0000632.jpg,CSAM
img_0000633.jpg,CSAM
img_0000634.jpg,CSAM
img_0000635.jpg,CSAM
img_0000636.jpg,CSAM
img_0000637.jpg,CSAM
img_0000638.jpg,CSAM
img_0000639.jpg,NOT_CSAM
img_0000640.jpg,NOT_CSAM
img_0000641.jpg,CSAM
img_0000642.jpg,CSAM
img_0000643.jpg,CSAM
img_0000644.jpg,CSAM
img_0000645.jpg,CSAM
img_0000646.jpg,CSAM
img_0000647.jpg,CSAM
img_0000648.jpg,CSAM
img_0000649.jpg,CSAM
img_0000650.jpg,CSAM
img_0000651.jpg,NOT_CSAM
img_0000652.jpg,CSAM
img_0000653.jpg,CSAM
img_0000654.jpg,CSAM
img_0000655.jpg,CSAM
img_0000656.jpg,CSAM
img_0000657.jpg,CSAM
img_0000658.jpg,CSAM
img_0000659.jpg,CSAM
img_0000660.jpg,CSAM
img_0000661.jpg,CSAM
img_0000662.jpg,CSAM
img_0000663.jpg,CSAM
img_0000664.jpg,CSAM
img_0000665.jpg,CSAM
img_0000666.jpg,CSAM
img_0000667.jpg,CSAM
img_0000668.jpg,CSAM
img_0000669.jpg,CSAM
img_0000670.jpg,CSAM
img_0000671.jpg,CSAM
img_0000672.jpg,CSAM
img_0000673.jpg,CSAM
img_0000674.jpg,CSAM
img_0000675.jpg,CSAM
img_0000676.jpg,CSAM
img_0000677.jpg,CSAM
img_0000678.jpg,CSAM
img_0000679.jpg,CSAM
img_0000680.jpg,CSAM
img_0000681.jpg,CSAM
img_0000682.jpg,CSAM
img_0000683.jpg,CSAM
img_0000684.jpg,NOT_CSAM
img_0000685.jpg,NOT_CSAM
img_0000686.jpg,CSAM
img_0000687.jpg,CSAM
img_0000688.jpg,CSAM
img_0000689.jpg,CSAM
img_0000690.jpg,CSAM
img_0000691.jpg,CSAM
img_0000692.jpg,CSAM
img_0000693.jpg,NOT_CSAM
img_0000694.jpg,NOT_CSAM
img_0000695.jpg,CSAM
img_0000696.jpg,CSAM
img_0000697.jpg,CSAM
img_0000698.jpg,NOT_CSAM
img_0000699.jpg,CSAM
img_0000700.jpg,CSAM
img_0000701.jpg,CSAM
img_0000702.jpg,CSAM
img_0000703.jpg,NOT_CSAM
img_0000704.jpg,CSAM
img_0000705.jpg,NOT_CSAM
img_0000706.jpg,NOT_CSAM
img_0000707.jpg,NOT_CSAM
img_0000708.jpg,NOT_CSAM
img_0000709.jpg,CSAM
img_0000710.jpg,CSAM
img_0000711.jpg,CSAM
img_0000712.jpg,NOT_CSAM
img_0000713.jpg,CSAM
img_0000714.jpg,CSAM
img_0000715.jpg,CSAM
img_0000716.jpg,CSAM
img_0000717.jpg,CSAM
img_0000718.jpg,NOT_CSAM
img_0000719.jpg,NOT_CSAM
img_0000720.jpg,CSAM
img_0000721.jpg,CSAM
img_0000722.jpg,CSAM
img_0000723.jpg,CSAM
img_0000724.jpg,CSAM
img_0000725.jpg,CSAM
img_0000726.jpg,NOT_CSAM
img_0000727.jpg,CSAM
img_0000728.jpg,CSAM
img_0000729.jpg,CSAM
img_0000730.jpg,CSAM
img_0000731.jpg,CSAM
img_0000732.jpg,CSAM
img_0000733.jpg,NOT_CSAM
img_0000734.jpg,CSAM
img_0000735.jpg,CSAM
img_0000736.jpg,CSAM
img_0000737.jpg,CSAM
img_0000738.jpg,CSAM
img_0000739.jpg,CSAM
img_0000740.jpg,CSAM
img_0000741.jpg,CSAM
img_0000742.jpg,CSAM
img_0000743.jpg,CSAM
img_0000744.jpg,CSAM
img_0000745.jpg,NOT_CSAM
img_0000746.jpg,CSAM
img_0000747.jpg,CSAM
img_0000748.jpg,CSAM
img_0000749.jpg,NOT_CSAM
img_0000750.jpg,CSAM
img_0000751.jpg,CSAM
img_0000752.jpg,CSAM
img_0000753.jpg,CSAM
img_0000754.jpg,CSAM
img_0000755.jpg,CSAM
img_0000756.jpg,CSAM
img_0000757.jpg,CSAM
img_0000758.jpg,CSAM
img_0000759.jpg,CSAM
img_0000760.jpg,CSAM
img_0000761.jpg,NOT_CSAM
img_0000762.jpg,CSAM
img_0000763.jpg,CSAM
img_0000764.jpg,CSAM
img_0000765.jpg,CSAM
img_0000766.jpg,CSAM
img_0000767.jpg,CSAM
img_0000768.jpg,CSAM
img_0000769.jpg,NOT_CSAM
img_0000770.jpg,NOT_CSAM
img_0000771.jpg,CSAM
img_0000772.jpg,NOT_CSAM
img_0000773.jpg,CSAM
img_0000774.jpg,CSAM
img_0000775.jpg,CSAM
img_0000776.jpg,NOT_CSAM
img_0000777.jpg,NOT_CSAM
img_0000778.jpg,NOT_CSAM
img_0000779.jpg,NOT_CSAM
img_0000780.jpg,CSAM
img_0000781.jpg,CSAM
img_0000782.jpg,CSAM
img_0000783.jpg,NOT_CSAM
img_0000784.jpg,CSAM
img_0000785.jpg,CSAM
img_0000786.jpg,CSAM
img_0000787.jpg,CSAM
img_0000788.jpg,CSAM
img_0000789.jpg,CSAM
img_0000790.jpg,CSAM
img_0000791.jpg,CSAM
img_0000792.jpg,CSAM
img_0000793.jpg,CSAM
img_0000794.jpg,CSAM
img_0000795.jpg,NOT_CSAM
img_0000796.jpg,CSAM
img_0000797.jpg,CSAM
img_0000798.jpg,NOT_CSAM
img_0000799.jpg,CSAM
img_0000800.jpg,CSAM
img_0000801.jpg,CSAM
img_0000802.jpg,CSAM
img_0000803.jpg,NOT_CSAM
img_0000804.jpg,CSAM
img_0000805.jpg,CSAM
img_0000806.jpg,CSAM
img_0000807.jpg,CSAM
img_0000808.jpg,CSAM
img_0000809.jpg,CSAM
img_0000810.jpg,NOT_CSAM
img_0000811.jpg,CSAM
img_0000812.jpg,CSAM
img_0000813.jpg,CSAM
img_0000814.jpg,CSAM
img_0000815.jpg,CSAM
img_0000816.jpg,CSAM
img_0000817.jpg,CSAM
img_0000818.jpg,CSAM
img_0000819.jpg,CSAM
img_0000820.jpg,CSAM
img_0000821.jpg,CSAM
img_0000822.jpg,CSAM
img_0000823.jpg,CSAM
img_0000824.jpg,CSAM
img_0000825.jpg,CSAM
img_0000826.jpg,CSAM
img_0000827.jpg,CSAM
img_0000828.jpg,CSAM
img_0000829.jpg,CSAM
img_0000830.jpg,CSAM
img_0000831.jpg,CSAM
img_0000832.jpg,CSAM
img_0000833.jpg,CSAM
img_0000834.jpg,NOT_CSAM
img_0000835.jpg,NOT_CSAM
img_0000836.jpg,CSAM
img_0000837.jpg,NOT_CSAM
img_0000838.jpg,NOT_CSAM
img_0000839.jpg,NOT_CSAM
img_0000840.jpg,CSAM
img_0000841.jpg,CSAM
img_0000842.jpg,NOT_CSAM
img_0000843.jpg,NOT_CSAM
img_0000844.jpg,NOT_CSAM
img_0000845.jpg,NOT_CSAM
img_0000846.jpg,NOT_CSAM
img_0000847.jpg,NOT_CSAM
img_0000848.jpg,NOT_CSAM
img_0000849.jpg,NOT_CSAM
img_0000850.jpg,NOT_CSAM
img_0000851.jpg,NOT_CSAM
img_0000852.jpg,NOT_CSAM
img_0000853.jpg,NOT_CSAM
img_0000854.jpg,NOT_CSAM
img_0000855.jpg,NOT_CSAM
img_0000856.jpg,NOT_CSAM
img_0000857.jpg,NOT_CSAM
img_0000858.jpg,NOT_CSAM
img_0000859.jpg,NOT_CSAM
img_0000860.jpg,NOT_CSAM
img_0000861.jpg,NOT_CSAM
img_0000862.jpg,NOT_CSAM
img_0000863.jpg,NOT_CSAM
img_0000864.jpg,NOT_CSAM
img_0000865.jpg,NOT_CSAM
img_0000866.jpg,NOT_CSAM
img_0000867.jpg,NOT_CSAM
img_0000868.jpg,NOT_CSAM
img_0000869.jpg,CSAM
img_0000870.jpg,CSAM
img_0000871.jpg,CSAM
img_0000872.jpg,CSAM
img_0000873.jpg,CSAM
img_0000874.jpg,CSAM
img_0000875.jpg,CSAM
img_0000876.jpg,NOT_CSAM
img_0000877.jpg,CSAM
img_0000878.jpg,CSAM
img_0000879.jpg,CSAM
img_0000880.jpg,CSAM
img_0000881.jpg,CSAM
img_0000882.jpg,CSAM
img_0000883.jpg,NOT_CSAM
img_0000884.jpg,CSAM
img_0000885.jpg,CSAM
img_0000886.jpg,CSAM
img_0000887.jpg,CSAM
img_0000888.jpg,NOT_CSAM
img_0000889.jpg,NOT_CSAM
img_0000890.jpg,CSAM
img_0000891.jpg,CSAM
img_0000892.jpg,CSAM
img_0000893.jpg,CSAM
img_0000894.jpg,CSAM
img_0000895.jpg,CSAM
img_0000896.jpg,CSAM
img_0000897.jpg,CSAM
img_0000898.jpg,CSAM
img_0000899.jpg,CSAM
img_0000900.jpg,CSAM
img_0000901.jpg,CSAM
img_0000902.jpg,CSAM
img_0000903.jpg,CSAM
img_0000904.jpg,CSAM
img_0000905.jpg,CSAM
img_0000906.jpg,CSAM
img_0000907.jpg,CSAM
img_0000908.jpg,CSAM
img_0000909.jpg,CSAM
img_0000910.jpg,CSAM
img_0000911.jpg,CSAM
img_0000912.jpg,CSAM
img_0000913.jpg,CSAM
img_0000914.jpg,CSAM
img_0000915.jpg,CSAM
img_0000916.jpg,CSAM
img_0000917.jpg,CSAM
img_0000918.jpg,CSAM
img_0000919.jpg,CSAM
img_0000920.jpg,CSAM
img_0000921.jpg,CSAM
img_0000922.jpg,CSAM
img_0000923.jpg,CSAM
img_0000924.jpg,CSAM
img_0000925.jpg,NOT_CSAM
img_0000926.jpg,NOT_CSAM
img_0000927.jpg,CSAM
img_0000928.jpg,CSAM
img_0000929.jpg,CSAM
img_0000930.jpg,CSAM
img_0000931.jpg,CSAM
img_0000932.jpg,CSAM
img_0000933.jpg,CSAM
img_0000934.jpg,CSAM
img_0000935.jpg,CSAM
img_0000936.jpg,CSAM
img_0000937.jpg,CSAM
img_0000938.jpg,CSAM
img_0000939.jpg,CSAM
img_0000940.jpg,CSAM
img_0000941.jpg,CSAM
img_0000942.jpg,CSAM
img_0000943.jpg,CSAM
img_0000944.jpg,NOT_CSAM
img_0000945.jpg,CSAM
img_0000946.jpg,CSAM
img_0000947.jpg,CSAM
img_0000948.jpg,NOT_CSAM
img_0000949.jpg,NOT_CSAM
img_0000950.jpg,NOT_CSAM
img_0000951.jpg,NOT_CSAM
img_0000952.jpg,NOT_CSAM
img_0000953.jpg,NOT_CSAM
img_0000954.jpg,NOT_CSAM
img_0000955.jpg,NOT_CSAM
img_0000956.jpg,NOT_CSAM
img_0000957.jpg,NOT_CSAM
img_0000958.jpg,NOT_CSAM
img_0000959.jpg,NOT_CSAM
img_0000960.jpg,NOT_CSAM
img_0000961.jpg,NOT_CSAM
img_0000962.jpg,CSAM
img_0000963.jpg,NOT_CSAM
img_0000964.jpg,CSAM
img_0000965.jpg,CSAM
img_0000966.jpg,CSAM
img_0000967.jpg,NOT_CSAM
img_0000968.jpg,NOT_CSAM
img_0000969.jpg,NOT_CSAM
img_0000970.jpg,NOT_CSAM
img_0000971.jpg,NOT_CSAM
img_0000972.jpg,NOT_CSAM
img_0000973.jpg,NOT_CSAM
img_0000974.jpg,NOT_CSAM
img_0000975.jpg,NOT_CSAM
img_0000976.jpg,NOT_CSAM
img_0000977.jpg,NOT_CSAM
img_0000978.jpg,NOT_CSAM
img_0000979.jpg,NOT_CSAM
img_0000980.jpg,NOT_CSAM
img_0000981.jpg,NOT_CSAM
img_0000982.jpg,CSAM
img_0000983.jpg,CSAM
img_0000984.jpg,CSAM
img_0000985.jpg,NOT_CSAM
img_0000986.jpg,CSAM
img_0000987.jpg,CSAM
img_0000988.jpg,CSAM
img_0000989.jpg,CSAM
img_0000990.jpg,CSAM
img_0000991.jpg,NOT_CSAM
img_0000992.jpg,CSAM
img_0000993.jpg,CSAM
img_0000994.jpg,CSAM
img_0000995.jpg,CSAM
img_0000996.jpg,NOT_CSAM
img_0000997.jpg,NOT_CSAM
img_0000998.jpg,CSAM
img_0000999.jpg,CSAM
img_0001000.jpg,CSAM
img_0001001.jpg,CSAM
img_0001002.jpg,CSAM
img_0001003.jpg,CSAM
img_0001004.jpg,CSAM
img_0001005.jpg,CSAM
img_0001006.jpg,CSAM
img_0001007.jpg,CSAM
img_0001008.jpg,CSAM
img_0001009.jpg,NOT_CSAM
img_0001010.jpg,NOT_CSAM
img_0001011.jpg,CSAM
img_0001012.jpg,CSAM
img_0001013.jpg,CSAM
img_0001014.jpg,CSAM
img_0001015.jpg,CSAM
img_0001016.jpg,CSAM
img_0001017.jpg,CSAM
img_0001018.jpg,CSAM
img_0001019.jpg,CSAM
img_0001020.jpg,NOT_CSAM
img_0001021.jpg,NOT_CSAM
img_0001022.jpg,CSAM
img_0001023.jpg,NOT_CSAM
img_0001024.jpg,CSAM
img_0001025.jpg,CSAM
img_0001026.jpg,CSAM
img_0001027.jpg,CSAM
img_0001028.jpg,CSAM
img_0001029.jpg,CSAM
img_0001030.jpg,CSAM
img_0001031.jpg,CSAM
img_0001032.jpg,CSAM
img_0001033.jpg,CSAM
img_0001034.jpg,CSAM
img_0001035.jpg,CSAM
img_0001036.jpg,CSAM
img_0001037.jpg,CSAM
img_0001038.jpg,CSAM
img_0001039.jpg,CSAM
img_0001040.jpg,CSAM
img_0001041.jpg,CSAM
img_0001042.jpg,CSAM
img_0001043.jpg,CSAM
img_0001044.jpg,CSAM
img_0001045.jpg,CSAM
img_0001046.jpg,CSAM
img_0001047.jpg,CSAM
img_0001048.jpg,CSAM
img_0001049.jpg,CSAM
img_0001050.jpg,NOT_CSAM
img_0001051.jpg,CSAM
img_0001052.jpg,CSAM
img_0001053.jpg,CSAM
img_0001054.jpg,CSAM
img_0001055.jpg,CSAM
img_0001056.jpg,CSAM
img_0001057.jpg,CSAM
img_0001058.jpg,CSAM
img_0001059.jpg,CSAM
img_0001060.jpg,CSAM
img_0001061.jpg,CSAM
img_0001062.jpg,CSAM
img_0001063.jpg,CSAM
img_0001064.jpg,CSAM
img_0001065.jpg,CSAM
img_0001066.jpg,CSAM
img_0001067.jpg,CSAM
img_0001068.jpg,CSAM
img_0001069.jpg,CSAM
img_0001070.jpg,CSAM
img_0001071.jpg,CSAM
img_0001072.jpg,NOT_CSAM
img_0001073.jpg,CSAM
img_0001074.jpg,NOT_CSAM
img_0001075.jpg,NOT_CSAM
img_0001076.jpg,NOT_CSAM
img_0001077.jpg,NOT_CSAM
img_0001078.jpg,CSAM
img_0001079.jpg,NOT_CSAM
img_0001080.jpg,CSAM
img_0001081.jpg,CSAM
img_0001082.jpg,NOT_CSAM
img_0001083.jpg,NOT_CSAM
img_0001084.jpg,NOT_CSAM
img_0001085.jpg,NOT_CSAM
img_0001086.jpg,NOT_CSAM
img_0001087.jpg,NOT_CSAM
img_0001088.jpg,NOT_CSAM
img_0001089.jpg,NOT_CSAM
img_0001090.jpg,NOT_CSAM
img_0001091.jpg,NOT_CSAM
img_0001092.jpg,NOT_CSAM
img_0001093.jpg,NOT_CSAM
img_0001094.jpg,NOT_CSAM
img_0001095.jpg,NOT_CSAM
img_0001096.jpg,NOT_CSAM
img_0001097.jpg,NOT_CSAM
img_0001098.jpg,NOT_CSAM
img_0001099.jpg,NOT_CSAM
img_0001100.jpg,NOT_CSAM
img_0001101.jpg,NOT_CSAM
img_0001102.jpg,NOT_CSAM
img_0001103.jpg,NOT_CSAM
img_0001104.jpg,NOT_CSAM
img_0001105.jpg,NOT_CSAM
img_0001106.jpg,NOT_CSAM
img_0001107.jpg,NOT_CSAM
img_0001108.jpg,NOT_CSAM
img_0001109.jpg,NOT_CSAM
img_0001110.jpg,NOT_CSAM
img_0001111.jpg,NOT_CSAM
img_0001112.jpg,NOT_CSAM
img_0001113.jpg,NOT_CSAM
img_0001114.jpg,NOT_CSAM
img_0001115.jpg,CSAM
img_0001116.jpg,NOT_CSAM
img_0001117.jpg,NOT_CSAM
img_0001118.jpg,NOT_CSAM
img_0001119.jpg,NOT_CSAM
img_0001120.jpg,NOT_CSAM
img_0001121.jpg,NOT_CSAM
img_0001122.jpg,NOT_CSAM
img_0001123.jpg,NOT_CSAM
img_0001124.jpg,NOT_CSAM
img_0001125.jpg,NOT_CSAM
img_0001126.jpg,CSAM
img_0001127.jpg,NOT_CSAM
img_0001128.jpg,NOT_CSAM
img_0001129.jpg,NOT_CSAM
img_0001130.jpg,NOT_CSAM
img_0001131.jpg,NOT_CSAM
img_0001132.jpg,NOT_CSAM
img_0001133.jpg,NOT_CSAM
img_0001134.jpg,NOT_CSAM
img_0001135.jpg,NOT_CSAM
img_0001136.jpg,NOT_CSAM
img_0001137.jpg,NOT_CSAM
img_0001138.jpg,NOT_CSAM
img_0001139.jpg,NOT_CSAM
img_0001140.jpg,NOT_CSAM
img_0001141.jpg,NOT_CSAM
img_0001142.jpg,NOT_CSAM
img_0001143.jpg,NOT_CSAM
img_0001144.jpg,NOT_CSAM
img_0001145.jpg,NOT_CSAM
img_0001146.jpg,NOT_CSAM
img_0001147.jpg,NOT_CSAM
img_0001148.jpg,NOT_CSAM
img_0001149.jpg,NOT_CSAM
img_0001150.jpg,NOT_CSAM
img_0001151.jpg,NOT_CSAM
img_0001152.jpg,NOT_CSAM
img_0001153.jpg,NOT_CSAM
img_0001154.jpg,NOT_CSAM
img_0001155.jpg,NOT_CSAM
img_0001156.jpg,NOT_CSAM
img_0001157.jpg,NOT_CSAM
img_0001158.jpg,NOT_CSAM
img_0001159.jpg,NOT_CSAM
img_0001160.jpg,CSAM
img_0001161.jpg,NOT_CSAM
img_0001162.jpg,NOT_CSAM
img_0001163.jpg,NOT_CSAM
img_0001164.jpg,NOT_CSAM
img_0001165.jpg,NOT_CSAM
img_0001166.jpg,NOT_CSAM
img_0001167.jpg,NOT_CSAM
img_0001168.jpg,NOT_CSAM
img_0001169.jpg,NOT_CSAM
img_0001170.jpg,NOT_CSAM
img_0001171.jpg,NOT_CSAM
img_0001172.jpg,NOT_CSAM
img_0001173.jpg,NOT_CSAM
img_0001174.jpg,NOT_CSAM
img_0001175.jpg,NOT_CSAM
img_0001176.jpg,NOT_CSAM
img_0001177.jpg,NOT_CSAM
img_0001178.jpg,NOT_CSAM
img_0001179.jpg,NOT_CSAM
img_0001180.jpg,NOT_CSAM
img_0001181.jpg,NOT_CSAM
img_0001182.jpg,NOT_CSAM
img_0001183.jpg,NOT_CSAM
img_0001184.jpg,NOT_CSAM
img_0001185.jpg,NOT_CSAM
img_0001186.jpg,NOT_CSAM
img_0001187.jpg,NOT_CSAM
img_0001188.jpg,NOT_CSAM
img_0001189.jpg,NOT_CSAM
img_0001190.jpg,NOT_CSAM
img_0001191.jpg,NOT_CSAM
img_0001192.jpg,NOT_CSAM
img_0001193.jpg,NOT_CSAM
img_0001194.jpg,NOT_CSAM
img_0001195.jpg,NOT_CSAM
img_0001196.jpg,NOT_CSAM
img_0001197.jpg,NOT_CSAM
img_0001198.jpg,NOT_CSAM
img_0001199.jpg,NOT_CSAM
img_0001200.jpg,NOT_CSAM
img_0001201.jpg,NOT_CSAM
img_0001202.jpg,NOT_CSAM
img_0001203.jpg,NOT_CSAM
img_0001204.jpg,NOT_CSAM
img_0001205.jpg,NOT_CSAM
img_0001206.jpg,NOT_CSAM
img_0001207.jpg,NOT_CSAM
img_0001208.jpg,NOT_CSAM
img_0001209.jpg,NOT_CSAM
img_0001210.jpg,NOT_CSAM
img_0001211.jpg,NOT_CSAM
img_0001212.jpg,NOT_CSAM
img_0001213.jpg,NOT_CSAM
img_0001214.jpg,NOT_CSAM
img_0001215.jpg,NOT_CSAM
img_0001216.jpg,NOT_CSAM
img_0001217.jpg,NOT_CSAM
img_0001218.jpg,NOT_CSAM
img_0001219.jpg,NOT_CSAM
img_0001220.jpg,NOT_CSAM
img_0001221.jpg,NOT_CSAM
img_0001222.jpg,NOT_CSAM
img_0001223.jpg,NOT_CSAM
img_0001224.jpg,NOT_CSAM
img_0001225.jpg,NOT_CSAM
img_0001226.jpg,NOT_CSAM
img_0001227.jpg,NOT_CSAM
img_0001228.jpg,NOT_CSAM
img_0001229.jpg,NOT_CSAM
img_0001230.jpg,NOT_CSAM
img_0001231.jpg,NOT_CSAM
img_0001232.jpg,NOT_CSAM
img_0001233.jpg,NOT_CSAM
img_0001234.jpg,NOT_CSAM
img_0001235.jpg,NOT_CSAM
img_0001236.jpg,NOT_CSAM
img_0001237.jpg,NOT_CSAM
img_0001238.jpg,NOT_CSAM
img_0001239.jpg,NOT_CSAM
img_0001240.jpg,NOT_CSAM
img_0001241.jpg,NOT_CSAM
img_0001242.jpg,NOT_CSAM
img_0001243.jpg,NOT_CSAM
img_0001244.jpg,NOT_CSAM
img_0001245.jpg,NOT_CSAM
img_0001246.jpg,NOT_CSAM
img_0001247.jpg,NOT_CSAM
img_0001248.jpg,NOT_CSAM
img_0001249.jpg,NOT_CSAM
img_0001250.jpg,NOT_CSAM
img_0001251.jpg,NOT_CSAM
img_0001252.jpg,NOT_CSAM
img_0001253.jpg,NOT_CSAM
img_0001254.jpg,NOT_CSAM
img_0001255.jpg,NOT_CSAM
img_0001256.jpg,NOT_CSAM
img_0001257.jpg,NOT_CSAM
img_0001258.jpg,NOT_CSAM
img_0001259.jpg,NOT_CSAM
img_0001260.jpg,NOT_CSAM
img_0001261.jpg,NOT_CSAM
img_0001262.jpg,NOT_CSAM
img_0001263.jpg,NOT_CSAM
img_0001264.jpg,NOT_CSAM
img_0001265.jpg,NOT_CSAM
img_0001266.jpg,NOT_CSAM
img_0001267.jpg,NOT_CSAM
img_0001268.jpg,NOT_CSAM
img_0001269.jpg,NOT_CSAM
img_0001270.jpg,NOT_CSAM
img_0001271.jpg,NOT_CSAM
img_0001272.jpg,NOT_CSAM
img_0001273.jpg,NOT_CSAM
img_0001274.jpg,NOT_CSAM
img_0001275.jpg,NOT_CSAM
img_0001276.jpg,NOT_CSAM
img_0001277.jpg,NOT_CSAM
img_0001278.jpg,NOT_CSAM
img_0001279.jpg,NOT_CSAM
img_0001280.jpg,NOT_CSAM
img_0001281.jpg,NOT_CSAM
img_0001282.jpg,NOT_CSAM
img_0001283.jpg,NOT_CSAM
img_0001284.jpg,NOT_CSAM
img_0001285.jpg,NOT_CSAM
img_0001286.jpg,NOT_CSAM
img_0001287.jpg,NOT_CSAM
img_0001288.jpg,NOT_CSAM
img_0001289.jpg,NOT_CSAM
img_0001290.jpg,NOT_CSAM
img_0001291.jpg,NOT_CSAM
img_0001292.jpg,NOT_CSAM
img_0001293.jpg,NOT_CSAM
img_0001294.jpg,NOT_CSAM
img_0001295.jpg,NOT_CSAM
img_0001296.jpg,NOT_CSAM
img_0001297.jpg,NOT_CSAM
img_0001298.jpg,NOT_CSAM
img_0001299.jpg,NOT_CSAM
img_0001300.jpg,NOT_CSAM
img_0001301.jpg,NOT_CSAM
img_0001302.jpg,NOT_CSAM
img_0001303.jpg,NOT_CSAM
img_0001304.jpg,NOT_CSAM
img_0001305.jpg,NOT_CSAM
img_0001306.jpg,NOT_CSAM
img_0001307.jpg,CSAM
img_0001308.jpg,CSAM
img_0001309.jpg,CSAM
img_0001310.jpg,CSAM
img_0001311.jpg,CSAM
img_0001312.jpg,CSAM
img_0001313.jpg,CSAM
img_0001314.jpg,CSAM
img_0001315.jpg,NOT_CSAM
img_0001316.jpg,CSAM
img_0001317.jpg,CSAM
img_0001318.jpg,CSAM
img_0001319.jpg,CSAM
img_0001320.jpg,CSAM
img_0001321.jpg,CSAM
img_0001322.jpg,CSAM
img_0001323.jpg,CSAM
img_0001324.jpg,CSAM
img_0001325.jpg,CSAM
img_0001326.jpg,CSAM
img_0001327.jpg,CSAM
img_0001328.jpg,CSAM
img_0001329.jpg,CSAM
img_0001330.jpg,CSAM
img_0001331.jpg,CSAM
img_0001332.jpg,NOT_CSAM
img_0001333.jpg,CSAM
img_0001334.jpg,CSAM
img_0001335.jpg,CSAM
img_0001336.jpg,CSAM
img_0001337.jpg,CSAM
img_0001338.jpg,CSAM
img_0001339.jpg,CSAM
img_0001340.jpg,CSAM
img_0001341.jpg,NOT_CSAM
img_0001342.jpg,CSAM
img_0001343.jpg,CSAM
img_0001344.jpg,CSAM
img_0001345.jpg,CSAM
img_0001346.jpg,CSAM
img_0001347.jpg,CSAM
img_0001348.jpg,CSAM
img_0001349.jpg,CSAM
img_0001350.jpg,CSAM
img_0001351.jpg,CSAM
img_0001352.jpg,CSAM
img_0001353.jpg,CSAM
img_0001354.jpg,CSAM
img_0001355.jpg,CSAM
img_0001356.jpg,NOT_CSAM
img_0001357.jpg,CSAM
img_0001358.jpg,CSAM
img_0001359.jpg,CSAM
img_0001360.jpg,CSAM
img_0001361.jpg,CSAM
img_0001362.jpg,CSAM
img_0001363.jpg,CSAM
img_0001364.jpg,CSAM
img_0001365.jpg,CSAM
img_0001366.jpg,CSAM
img_0001367.jpg,CSAM
img_0001368.jpg,CSAM
img_0001369.jpg,CSAM
img_0001370.jpg,CSAM
img_0001371.jpg,CSAM
img_0001372.jpg,CSAM
img_0001373.jpg,CSAM
img_0001374.jpg,NOT_CSAM
img_0001375.jpg,NOT_CSAM
img_0001376.jpg,NOT_CSAM
img_0001377.jpg,NOT_CSAM
img_0001378.jpg,NOT_CSAM
img_0001379.jpg,NOT_CSAM
img_0001380.jpg,NOT_CSAM
img_0001381.jpg,NOT_CSAM
img_0001382.jpg,NOT_CSAM
img_0001383.jpg,NOT_CSAM
img_0001384.jpg,NOT_CSAM
img_0001385.jpg,NOT_CSAM
img_0001386.jpg,NOT_CSAM
img_0001387.jpg,NOT_CSAM
img_0001388.jpg,NOT_CSAM
img_0001389.jpg,NOT_CSAM
img_0001390.jpg,NOT_CSAM
img_0001391.jpg,NOT_CSAM
img_0001392.jpg,NOT_CSAM
img_0001393.jpg,NOT_CSAM
img_0001394.jpg,NOT_CSAM
img_0001395.jpg,NOT_CSAM
img_0001396.jpg,NOT_CSAM
img_0001397.jpg,NOT_CSAM
img_0001398.jpg,NOT_CSAM
img_0001399.jpg,NOT_CSAM
img_0001400.jpg,NOT_CSAM
img_0001401.jpg,NOT_CSAM
img_0001402.jpg,NOT_CSAM
img_0001403.jpg,NOT_CSAM
img_0001404.jpg,NOT_CSAM
img_0001405.jpg,NOT_CSAM
img_0001406.jpg,NOT_CSAM
img_0001407.jpg,NOT_CSAM
img_0001408.jpg,NOT_CSAM
img_0001409.jpg,NOT_CSAM
img_0001410.jpg,NOT_CSAM
img_0001411.jpg,NOT_CSAM
img_0001412.jpg,NOT_CSAM
img_0001413.jpg,NOT_CSAM
img_0001414.jpg,NOT_CSAM
img_0001415.jpg,NOT_CSAM
img_0001416.jpg,NOT_CSAM
img_0001417.jpg,NOT_CSAM
img_0001418.jpg,NOT_CSAM
img_0001419.jpg,NOT_CSAM
img_0001420.jpg,NOT_CSAM
img_0001421.jpg,NOT_CSAM
img_0001422.jpg,NOT_CSAM
img_0001423.jpg,NOT_CSAM
img_0001424.jpg,NOT_CSAM
img_0001425.jpg,NOT_CSAM
img_0001426.jpg,NOT_CSAM
img_0001427.jpg,NOT_CSAM
img_0001428.jpg,NOT_CSAM
img_0001429.jpg,CSAM
img_0001430.jpg,NOT_CSAM
img_0001431.jpg,NOT_CSAM
img_0001432.jpg,CSAM
img_0001433.jpg,CSAM
img_0001434.jpg,CSAM
img_0001435.jpg,CSAM
img_0001436.jpg,CSAM
img_0001437.jpg,CSAM
img_0001438.jpg,CSAM
img_0001439.jpg,CSAM
img_0001440.jpg,NOT_CSAM
img_0001441.jpg,NOT_CSAM
img_0001442.jpg,NOT_CSAM
img_0001443.jpg,NOT_CSAM
img_0001444.jpg,NOT_CSAM
img_0001445.jpg,NOT_CSAM
img_0001446.jpg,NOT_CSAM
img_0001447.jpg,NOT_CSAM
img_0001448.jpg,NOT_CSAM
img_0001449.jpg,CSAM
img_0001450.jpg,CSAM
img_0001451.jpg,CSAM
img_0001452.jpg,CSAM
img_0001453.jpg,CSAM
img_0001454.jpg,CSAM
img_0001455.jpg,CSAM
img_0001456.jpg,CSAM
img_0001457.jpg,CSAM
img_0001458.jpg,CSAM
img_0001459.jpg,CSAM
img_0001460.jpg,NOT_CSAM
img_0001461.jpg,CSAM
img_0001462.jpg,CSAM
img_0001463.jpg,CSAM
img_0001464.jpg,CSAM
img_0001465.jpg,CSAM
img_0001466.jpg,NOT_CSAM
img_0001467.jpg,CSAM
img_0001468.jpg,CSAM
img_0001469.jpg,CSAM
img_0001470.jpg,CSAM
img_0001471.jpg,CSAM
img_0001472.jpg,CSAM
img_0001473.jpg,CSAM
img_0001474.jpg,CSAM
img_0001475.jpg,CSAM
img_0001476.jpg,NOT_CSAM
img_0001477.jpg,NOT_CSAM
img_0001478.jpg,CSAM
img_0001479.jpg,CSAM
img_0001480.jpg,CSAM
img_0001481.jpg,CSAM
img_0001482.jpg,NOT_CSAM
img_0001483.jpg,NOT_CSAM
img_0001484.jpg,NOT_CSAM
img_0001485.jpg,NOT_CSAM
img_0001486.jpg,CSAM
img_0001487.jpg,CSAM
img_0001488.jpg,CSAM
img_0001489.jpg,CSAM
img_0001490.jpg,CSAM
img_0001491.jpg,CSAM
img_0001492.jpg,CSAM
img_0001493.jpg,CSAM
img_0001494.jpg,CSAM
img_0001495.jpg,CSAM
img_0001496.jpg,NOT_CSAM
img_0001497.jpg,CSAM
img_0001498.jpg,CSAM
img_0001499.jpg,CSAM
img_0001500.jpg,CSAM
img_0001501.jpg,CSAM
img_0001502.jpg,CSAM
img_0001503.jpg,NOT_CSAM
img_0001504.jpg,NOT_CSAM
img_0001505.jpg,CSAM
img_0001506.jpg,CSAM
img_0001507.jpg,CSAM
img_0001508.jpg,NOT_CSAM
img_0001509.jpg,NOT_CSAM
img_0001510.jpg,NOT_CSAM
img_0001511.jpg,NOT_CSAM
img_0001512.jpg,NOT_CSAM
img_0001513.jpg,NOT_CSAM
img_0001514.jpg,NOT_CSAM
img_0001515.jpg,CSAM
img_0001516.jpg,CSAM
img_0001517.jpg,CSAM
img_0001518.jpg,CSAM
img_0001519.jpg,CSAM
img_0001520.jpg,CSAM
img_0001521.jpg,CSAM
img_0001522.jpg,CSAM
img_0001523.jpg,CSAM
img_0001524.jpg,CSAM
img_0001525.jpg,CSAM
img_0001526.jpg,CSAM
img_0001527.jpg,CSAM
img_0001528.jpg,CSAM
img_0001529.jpg,CSAM
img_0001530.jpg,CSAM
img_0001531.jpg,CSAM
img_0001532.jpg,CSAM
img_0001533.jpg,NOT_CSAM
img_0001534.jpg,CSAM
img_0001535.jpg,CSAM
img_0001536.jpg,CSAM
img_0001537.jpg,CSAM
img_0001538.jpg,CSAM
img_0001539.jpg,CSAM
img_0001540.jpg,CSAM
img_0001541.jpg,CSAM
img_0001542.jpg,CSAM
img_0001543.jpg,CSAM
img_0001544.jpg,CSAM
img_0001545.jpg,CSAM
img_0001546.jpg,CSAM
img_0001547.jpg,CSAM
img_0001548.jpg,CSAM
img_0001549.jpg,CSAM
img_0001550.jpg,CSAM
img_0001551.jpg,CSAM
img_0001552.jpg,NOT_CSAM
img_0001553.jpg,NOT_CSAM
img_0001554.jpg,NOT_CSAM
img_0001555.jpg,NOT_CSAM
img_0001556.jpg,NOT_CSAM
img_0001557.jpg,NOT_CSAM
img_0001558.jpg,NOT_CSAM
img_0001559.jpg,NOT_CSAM
img_0001560.jpg,NOT_CSAM
img_0001561.jpg,NOT_CSAM
img_0001562.jpg,CSAM
img_0001563.jpg,CSAM
img_0001564.jpg,CSAM
img_0001565.jpg,CSAM
img_0001566.jpg,CSAM
img_0001567.jpg,CSAM
img_0001568.jpg,CSAM
img_0001569.jpg,CSAM
img_0001570.jpg,CSAM
img_0001571.jpg,CSAM
img_0001572.jpg,NOT_CSAM
img_0001573.jpg,CSAM
img_0001574.jpg,CSAM
img_0001575.jpg,CSAM
img_0001576.jpg,CSAM
img_0001577.jpg,CSAM
img_0001578.jpg,CSAM
img_0001579.jpg,CSAM
img_0001580.jpg,CSAM
img_0001581.jpg,CSAM
img_0001582.jpg,CSAM
img_0001583.jpg,CSAM
img_0001584.jpg,NOT_CSAM
img_0001585.jpg,NOT_CSAM
img_0001586.jpg,CSAM
img_0001587.jpg,CSAM
img_0001588.jpg,CSAM
img_0001589.jpg,CSAM
img_0001590.jpg,NOT_CSAM
img_0001591.jpg,CSAM
img_0001592.jpg,CSAM
img_0001593.jpg,NOT_CSAM
img_0001594.jpg,NOT_CSAM
img_0001595.jpg,NOT_CSAM
img_0001596.jpg,CSAM
img_0001597.jpg,CSAM
img_0001598.jpg,CSAM
img_0001599.jpg,NOT_CSAM
img_0001600.jpg,NOT_CSAM
img_0001601.jpg,CSAM
img_0001602.jpg,CSAM
img_0001603.jpg,CSAM
img_0001604.jpg,CSAM
img_0001605.jpg,CSAM
img_0001606.jpg,NOT_CSAM
img_0001607.jpg,NOT_CSAM
img_0001608.jpg,CSAM
img_0001609.jpg,CSAM
img_0001610.jpg,NOT_CSAM
img_0001611.jpg,CSAM
img_0001612.jpg,CSAM
img_0001613.jpg,CSAM
img_0001614.jpg,CSAM
img_0001615.jpg,CSAM
img_0001616.jpg,CSAM
img_0001617.jpg,NOT_CSAM
img_0001618.jpg,NOT_CSAM
img_0001619.jpg,NOT_CSAM
img_0001620.jpg,NOT_CSAM
img_0001621.jpg,NOT_CSAM
img_0001622.jpg,CSAM
img_0001623.jpg,CSAM
img_0001624.jpg,CSAM
img_0001625.jpg,NOT_CSAM
img_0001626.jpg,NOT_CSAM
img_0001627.jpg,NOT_CSAM
img_0001628.jpg,NOT_CSAM
img_0001629.jpg,CSAM
img_0001630.jpg,CSAM
img_6000000.jpg,NOT_CSAM
img_6000001.jpg,NOT_CSAM
img_6000002.jpg,NOT_CSAM
img_6000003.png,NOT_CSAM
img_6000004.jpg,NOT_CSAM
img_6000005.png,NOT_CSAM
img_6000006.jpg,NOT_CSAM
img_6000007.jpg,NOT_CSAM
img_6000008.jpg,NOT_CSAM
img_6000009.jpg,NOT_CSAM
img_6000010.jpg,NOT_CSAM
img_6000011.jpg,NOT_CSAM
img_6000012.png,NOT_CSAM
img_6000013.jpg,NOT_CSAM
img_6000014.jpg,NOT_CSAM
img_6000015.jpg,NOT_CSAM
img_6000016.jpg,NOT_CSAM
img_6000017.jpg,NOT_CSAM
img_6000018.jpg,NOT_CSAM
img_6000019.jpg,NOT_CSAM
img_6000020.jpg,NOT_CSAM
img_6000021.jpg,NOT_CSAM
img_6000022.jpg,NOT_CSAM
img_6000023.jpg,NOT_CSAM
img_6000024.jpg,NOT_CSAM
img_6000025.jpg,NOT_CSAM
img_6000026.jpg,NOT_CSAM
img_6000027.jpg,NOT_CSAM
img_6000028.jpg,NOT_CSAM
img_6000029.jpg,NOT_CSAM
img_6000030.jpg,NOT_CSAM
img_6000031.jpg,NOT_CSAM
img_6000032.jpg,NOT_CSAM
img_6000033.jpg,NOT_CSAM
img_6000034.jpg,NOT_CSAM
img_6000035.jpg,NOT_CSAM
img_6000036.jpg,NOT_CSAM
img_6000037.jpg,NOT_CSAM
img_6000038.jpg,NOT_CSAM
img_6000039.jpg,NOT_CSAM
img_6000040.jpg,NOT_CSAM
img_6000041.jpg,NOT_CSAM
img_6000042.png,NOT_CSAM
img_6000043.png,NOT_CSAM
img_6000044.jpg,NOT_CSAM
img_6000045.jpg,NOT_CSAM
img_6000046.png,NOT_CSAM
img_6000047.jpg,NOT_CSAM
img_6000048.jpg,NOT_CSAM
img_6000049.jpg,NOT_CSAM
img_6000050.jpg,NOT_CSAM
img_6000051.jpg,NOT_CSAM
img_6000052.jpg,NOT_CSAM
img_6000053.jpg,NOT_CSAM
img_6000054.jpg,NOT_CSAM
img_6000055.png,NOT_CSAM
img_6000056.jpg,NOT_CSAM
img_6000057.jpg,NOT_CSAM
img_6000058.jpg,NOT_CSAM
img_6000059.jpg,NOT_CSAM
img_6000060.jpg,NOT_CSAM
img_6000061.jpg,NOT_CSAM
img_6000062.jpg,NOT_CSAM
img_6000063.jpg,NOT_CSAM
img_6000064.png,NOT_CSAM
img_6000065.jpg,NOT_CSAM
img_6000066.jpg,NOT_CSAM
img_6000067.jpg,NOT_CSAM
img_6000068.jpg,NOT_CSAM
img_6000069.jpg,NOT_CSAM
img_6000070.jpg,NOT_CSAM
img_6000071.jpg,NOT_CSAM
img_6000072.jpg,NOT_CSAM
img_6000073.jpg,NOT_CSAM
img_6000074.jpg,NOT_CSAM
img_6000075.jpg,NOT_CSAM
img_6000076.jpg,NOT_CSAM
img_6000077.jpg,NOT_CSAM
img_6000078.jpg,NOT_CSAM
img_6000079.jpg,NOT_CSAM
img_6000080.jpg,NOT_CSAM
img_6000081.jpg,NOT_CSAM
img_6000082.jpg,NOT_CSAM
img_6000083.jpg,NOT_CSAM
img_6000084.jpg,NOT_CSAM
img_6000085.jpg,NOT_CSAM
img_6000086.jpg,NOT_CSAM
img_6000087.jpg,NOT_CSAM
img_6000088.jpg,NOT_CSAM
img_6000089.jpg,NOT_CSAM
img_6000090.jpg,NOT_CSAM
img_6000091.jpg,NOT_CSAM
img_6000092.jpg,NOT_CSAM
img_6000093.jpg,NOT_CSAM
img_6000094.jpg,NOT_CSAM
img_6000095.jpg,NOT_CSAM
img_6000096.jpg,NOT_CSAM
img_6000097.jpg,NOT_CSAM
img_6000098.png,NOT_CSAM
img_6000099.jpg,NOT_CSAM
img_6000100.jpg,NOT_CSAM
img_6000101.jpg,NOT_CSAM
img_6000102.jpg,NOT_CSAM
img_6000103.jpg,NOT_CSAM
img_6000104.jpg,NOT_CSAM
img_6000105.png,NOT_CSAM
img_6000106.jpg,NOT_CSAM
img_6000107.png,NOT_CSAM
img_6000108.jpg,NOT_CSAM
img_6000109.jpg,NOT_CSAM
img_6000110.jpg,NOT_CSAM
img_6000111.jpg,NOT_CSAM
img_6000112.jpg,NOT_CSAM
img_6000113.png,NOT_CSAM
img_6000114.jpg,NOT_CSAM
img_6000115.png,NOT_CSAM
img_6000116.jpg,NOT_CSAM
img_6000117.jpg,NOT_CSAM
img_6000118.jpg,NOT_CSAM
img_6000119.jpg,NOT_CSAM
img_6000120.jpg,NOT_CSAM
img_6000121.jpg,NOT_CSAM
img_6000122.jpg,NOT_CSAM
img_6000123.jpg,NOT_CSAM
img_6000124.png,NOT_CSAM
img_6000125.png,NOT_CSAM
img_6000126.jpg,NOT_CSAM
img_6000127.jpg,NOT_CSAM
img_6000128.jpg,NOT_CSAM
img_6000129.jpg,NOT_CSAM
img_6000130.jpg,NOT_CSAM
img_6000131.jpg,NOT_CSAM
img_6000132.jpg,NOT_CSAM
img_6000133.jpg,NOT_CSAM
img_6000134.jpg,NOT_CSAM
img_6000135.jpg,NOT_CSAM
img_6000136.jpg,NOT_CSAM
img_6000137.jpg,NOT_CSAM
img_6000138.jpg,NOT_CSAM
img_6000139.jpg,NOT_CSAM
img_6000140.jpg,NOT_CSAM
img_6000141.jpg,NOT_CSAM
img_6000142.jpg,NOT_CSAM
img_6000143.jpg,NOT_CSAM
img_6000144.jpg,NOT_CSAM
img_6000145.jpg,NOT_CSAM
img_6000146.jpg,NOT_CSAM
img_6000147.jpg,NOT_CSAM
img_6000148.jpg,NOT_CSAM
img_6000149.jpg,NOT_CSAM
img_6000150.jpg,NOT_CSAM
img_6000151.jpg,NOT_CSAM
img_6000152.jpg,NOT_CSAM
img_6000153.png,NOT_CSAM
img_6000154.jpg,NOT_CSAM
img_6000155.jpg,NOT_CSAM
img_6000156.jpg,NOT_CSAM
img_6000157.jpg,NOT_CSAM
img_6000158.jpg,NOT_CSAM
img_6000159.jpg,NOT_CSAM
img_6000160.jpg,NOT_CSAM
img_6000161.jpg,NOT_CSAM
img_6000162.jpg,NOT_CSAM
img_6000163.jpg,NOT_CSAM
img_6000164.png,NOT_CSAM
img_6000165.jpg,NOT_CSAM
img_6000166.jpg,NOT_CSAM
img_6000167.jpg,NOT_CSAM
img_6000168.png,NOT_CSAM
img_6000169.jpg,NOT_CSAM
img_6000170.jpg,NOT_CSAM
img_6000171.jpg,NOT_CSAM
img_6000172.jpg,NOT_CSAM
img_6000173.jpg,NOT_CSAM
img_6000174.jpg,NOT_CSAM
img_6000175.jpg,NOT_CSAM
img_6000176.jpg,NOT_CSAM
img_6000177.jpg,NOT_CSAM
img_6000178.jpg,NOT_CSAM
img_6000179.jpg,NOT_CSAM
img_6000180.jpg,NOT_CSAM
img_6000181.jpg,NOT_CSAM
img_6000182.jpg,NOT_CSAM
img_6000183.jpg,NOT_CSAM
img_6000184.jpg,NOT_CSAM
img_6000185.jpg,NOT_CSAM
img_6000186.jpg,NOT_CSAM
img_6000187.jpg,NOT_CSAM
img_6000188.jpg,NOT_CSAM
img_6000189.jpg,NOT_CSAM
img_6000190.jpg,NOT_CSAM
img_6000191.jpg,NOT_CSAM
img_6000192.jpg,NOT_CSAM
img_6000193.jpg,NOT_CSAM
img_6000194.jpg,NOT_CSAM
img_6000195.jpg,NOT_CSAM
img_6000196.jpg,NOT_CSAM
img_6000197.jpg,NOT_CSAM
img_6000198.jpg,NOT_CSAM
img_6000199.jpg,NOT_CSAM
img_6000200.jpg,NOT_CSAM
img_6000201.jpg,NOT_CSAM
img_6000202.jpg,NOT_CSAM
img_6000203.png,NOT_CSAM
img_6000204.jpg,NOT_CSAM
img_6000205.jpg,NOT_CSAM
img_6000206.jpg,NOT_CSAM
img_6000207.jpg,NOT_CSAM
img_6000208.jpg,NOT_CSAM
img_6000209.jpg,NOT_CSAM
img_6000210.jpg,NOT_CSAM
img_6000211.jpg,NOT_CSAM
img_6000212.jpg,NOT_CSAM
img_6000213.jpg,NOT_CSAM
img_6000214.jpg,NOT_CSAM
img_6000215.jpg,NOT_CSAM
img_6000216.jpg,NOT_CSAM
img_6000217.jpg,NOT_CSAM
img_6000218.jpg,NOT_CSAM
img_6000219.jpg,NOT_CSAM
img_6000220.jpg,NOT_CSAM
img_6000221.jpg,NOT_CSAM
img_6000222.jpg,NOT_CSAM
img_6000223.jpg,NOT_CSAM
img_6000224.jpg,NOT_CSAM
img_6000225.jpg,NOT_CSAM
img_6000226.jpg,NOT_CSAM
img_6000227.jpg,NOT_CSAM
img_6000228.jpg,NOT_CSAM
img_6000229.jpg,NOT_CSAM
img_6000230.png,NOT_CSAM
img_6000231.jpg,NOT_CSAM
img_6000232.jpg,NOT_CSAM
img_6000233.jpg,NOT_CSAM
img_6000234.jpg,NOT_CSAM
img_6000235.jpg,NOT_CSAM
img_6000236.jpg,NOT_CSAM
img_6000237.jpg,NOT_CSAM
img_6000238.jpg,NOT_CSAM
img_6000239.jpg,NOT_CSAM
img_6000240.jpg,NOT_CSAM
img_6000241.jpg,NOT_CSAM
img_6000242.jpg,NOT_CSAM
img_6000243.jpg,NOT_CSAM
img_6000244.jpg,NOT_CSAM
img_6000245.jpg,NOT_CSAM
img_6000246.jpg,NOT_CSAM
img_6000247.jpg,NOT_CSAM
img_6000248.jpg,NOT_CSAM
img_6000249.jpg,NOT_CSAM
img_6000250.jpg,NOT_CSAM
img_6000251.jpg,NOT_CSAM
img_6000252.jpg,NOT_CSAM
img_6000253.jpg,NOT_CSAM
img_6000254.jpg,NOT_CSAM
img_6000255.jpg,NOT_CSAM
img_6000256.jpg,NOT_CSAM
img_6000257.jpg,NOT_CSAM
img_6000258.jpg,NOT_CSAM
img_6000259.jpg,NOT_CSAM
img_6000260.jpg,NOT_CSAM
img_6000261.jpg,NOT_CSAM
img_6000262.jpg,NOT_CSAM
img_6000263.jpg,NOT_CSAM
img_6000264.jpg,NOT_CSAM
img_6000265.jpg,NOT_CSAM
img_6000266.jpg,NOT_CSAM
img_6000267.jpg,NOT_CSAM
img_6000268.jpg,NOT_CSAM
img_6000269.jpg,NOT_CSAM
img_6000270.jpg,NOT_CSAM
img_6000271.jpg,NOT_CSAM
img_6000272.png,NOT_CSAM
img_6000273.jpg,NOT_CSAM
img_6000274.jpg,NOT_CSAM
img_6000275.jpg,NOT_CSAM
img_6000276.jpg,NOT_CSAM
img_6000277.jpg,NOT_CSAM
img_6000278.jpg,NOT_CSAM
img_6000279.jpg,NOT_CSAM
img_6000280.jpg,NOT_CSAM
img_6000281.jpg,NOT_CSAM
img_6000282.jpg,NOT_CSAM
img_6000283.jpg,NOT_CSAM
img_6000284.jpg,NOT_CSAM
img_6000285.jpg,NOT_CSAM
img_6000286.jpg,NOT_CSAM
img_6000287.png,NOT_CSAM
img_6000288.jpg,NOT_CSAM
img_6000289.jpg,NOT_CSAM
img_6000290.jpg,NOT_CSAM
img_6000291.jpg,NOT_CSAM
img_6000292.jpg,NOT_CSAM
img_6000293.jpg,NOT_CSAM
img_6000294.jpg,NOT_CSAM
img_6000295.jpg,NOT_CSAM
img_6000296.jpg,NOT_CSAM
img_6000297.jpg,NOT_CSAM
img_6000298.jpg,NOT_CSAM
img_6000299.jpg,NOT_CSAM
img_6000300.png,NOT_CSAM
img_6000301.jpg,NOT_CSAM
img_6000302.jpg,NOT_CSAM
img_6000303.jpg,NOT_CSAM
img_6000304.jpg,NOT_CSAM
img_6000305.jpg,NOT_CSAM
img_6000306.jpg,NOT_CSAM
img_6000307.jpg,NOT_CSAM
img_6000308.jpg,NOT_CSAM
img_6000309.jpg,NOT_CSAM
img_6000310.jpg,NOT_CSAM
img_6000311.png,NOT_CSAM
img_6000312.jpg,NOT_CSAM
img_6000313.jpg,NOT_CSAM
img_6000314.jpg,NOT_CSAM
img_6000315.jpg,NOT_CSAM
img_6000316.jpg,NOT_CSAM
img_6000317.jpg,NOT_CSAM
img_6000318.jpg,NOT_CSAM
img_6000319.jpg,NOT_CSAM
img_6000320.jpg,NOT_CSAM
img_6000321.jpg,NOT_CSAM
img_6000322.jpg,NOT_CSAM
img_6000323.jpg,NOT_CSAM
img_6000324.jpg,NOT_CSAM
img_6000325.jpg,NOT_CSAM
img_6000326.jpg,NOT_CSAM
img_6000327.jpg,NOT_CSAM
img_6000328.jpg,NOT_CSAM
img_6000329.jpg,NOT_CSAM
img_6000330.jpg,NOT_CSAM
img_6000331.jpg,NOT_CSAM
img_6000332.jpg,NOT_CSAM
img_6000333.png,NOT_CSAM
img_6000334.jpg,NOT_CSAM
img_6000335.jpg,NOT_CSAM
img_6000336.jpg,NOT_CSAM
img_6000337.jpg,NOT_CSAM
img_6000338.jpg,NOT_CSAM
img_6000339.jpg,NOT_CSAM
img_6000340.jpg,NOT_CSAM
img_6000341.jpg,NOT_CSAM
img_6000342.png,NOT_CSAM
img_6000343.jpg,NOT_CSAM
img_6000344.jpg,NOT_CSAM
img_6000345.png,NOT_CSAM
img_6000346.jpg,NOT_CSAM
img_6000347.jpg,NOT_CSAM
img_6000348.jpg,NOT_CSAM
img_6000349.jpg,NOT_CSAM
img_6000350.jpg,NOT_CSAM
img_6000351.jpg,NOT_CSAM
img_6000352.jpg,NOT_CSAM
img_6000353.jpg,NOT_CSAM
img_6000354.jpg,NOT_CSAM
img_6000355.jpg,NOT_CSAM
img_6000356.jpg,NOT_CSAM
img_6000357.jpg,NOT_CSAM
img_6000358.jpg,NOT_CSAM
img_6000359.jpg,NOT_CSAM
img_6000360.jpg,NOT_CSAM
img_6000361.jpg,NOT_CSAM
img_6000362.jpg,NOT_CSAM
img_6000363.jpg,NOT_CSAM
img_6000364.jpg,NOT_CSAM
img_6000365.jpg,NOT_CSAM
img_6000366.jpg,NOT_CSAM
img_6000367.jpg,NOT_CSAM
img_6000368.jpg,NOT_CSAM
img_6000369.jpg,NOT_CSAM
img_6000370.jpg,NOT_CSAM
img_6000371.jpg,NOT_CSAM
img_6000372.jpg,NOT_CSAM
img_6000373.jpg,NOT_CSAM
img_6000374.jpg,NOT_CSAM
img_6000375.jpg,NOT_CSAM
img_6000376.jpg,NOT_CSAM
img_6000377.jpg,NOT_CSAM
img_6000378.jpg,NOT_CSAM
img_6000379.jpg,NOT_CSAM
img_6000380.jpg,NOT_CSAM
img_6000381.jpg,NOT_CSAM
img_6000382.jpg,NOT_CSAM
img_6000383.jpg,NOT_CSAM
img_6000384.jpg,NOT_CSAM
img_6000385.jpg,NOT_CSAM
img_6000386.jpg,NOT_CSAM
img_6000387.jpg,NOT_CSAM
img_6000388.jpg,NOT_CSAM
img_6000389.png,NOT_CSAM
img_6000390.jpg,NOT_CSAM
img_6000391.jpg,NOT_CSAM
img_6000392.jpg,NOT_CSAM
img_6000393.jpg,NOT_CSAM
img_6000394.jpg,NOT_CSAM
img_6000395.jpg,NOT_CSAM
img_6000396.jpg,NOT_CSAM
img_6000397.jpg,NOT_CSAM
img_6000398.jpg,NOT_CSAM
img_6000399.png,NOT_CSAM
img_6000400.jpg,NOT_CSAM
img_6000401.jpg,NOT_CSAM
img_6000402.jpg,NOT_CSAM
img_6000403.jpg,NOT_CSAM
img_6000404.jpg,NOT_CSAM
img_6000405.jpg,NOT_CSAM
img_6000406.jpg,NOT_CSAM
img_6000407.jpg,NOT_CSAM
img_6000408.jpg,NOT_CSAM
img_6000409.jpg,NOT_CSAM
img_6000410.jpg,NOT_CSAM
img_6000411.jpg,NOT_CSAM
img_6000412.jpg,NOT_CSAM
img_6000413.jpg,NOT_CSAM
img_6000414.jpg,NOT_CSAM
img_6000415.jpg,NOT_CSAM
img_6000416.jpg,NOT_CSAM
img_6000417.jpg,NOT_CSAM
img_6000418.jpg,NOT_CSAM
img_6000419.jpg,NOT_CSAM
img_6000420.jpg,NOT_CSAM
img_6000421.jpg,NOT_CSAM
img_6000422.jpg,NOT_CSAM
img_6000423.jpg,NOT_CSAM
img_6000424.jpg,NOT_CSAM
img_6000425.jpg,NOT_CSAM
img_6000426.jpg,NOT_CSAM
img_6000427.jpg,NOT_CSAM
img_6000428.jpg,NOT_CSAM
img_6000429.jpg,NOT_CSAM
img_6000430.jpg,NOT_CSAM
img_6000431.jpg,NOT_CSAM
img_6000432.jpg,NOT_CSAM
img_6000433.jpg,NOT_CSAM
img_6000434.jpg,NOT_CSAM
img_6000435.jpg,NOT_CSAM
img_6000436.jpg,NOT_CSAM
img_6000437.jpg,NOT_CSAM
img_6000438.jpg,NOT_CSAM
img_6000439.jpg,NOT_CSAM
img_6000440.jpg,NOT_CSAM
img_6000441.jpg,NOT_CSAM
img_6000442.jpg,NOT_CSAM
img_6000443.jpg,NOT_CSAM
img_6000444.jpg,NOT_CSAM
img_6000445.jpg,NOT_CSAM
img_6000446.jpg,NOT_CSAM
img_6000447.jpg,NOT_CSAM
img_6000448.jpg,NOT_CSAM
img_6000449.jpg,NOT_CSAM
img_6000450.jpg,NOT_CSAM
img_6000451.jpg,NOT_CSAM
img_6000452.jpg,NOT_CSAM
img_6000453.jpg,NOT_CSAM
img_6000454.jpg,NOT_CSAM
img_6000455.jpg,NOT_CSAM
img_6000456.jpg,NOT_CSAM
img_6000457.jpg,NOT_CSAM
img_6000458.jpg,NOT_CSAM
img_6000459.jpg,NOT_CSAM
img_6000460.jpg,NOT_CSAM
img_6000461.jpg,NOT_CSAM
img_6000462.jpg,NOT_CSAM
img_6000463.jpg,NOT_CSAM
img_6000464.jpg,NOT_CSAM
img_6000465.jpg,NOT_CSAM
img_6000466.jpg,NOT_CSAM
img_6000467.jpg,NOT_CSAM
img_6000468.jpg,NOT_CSAM
img_6000469.jpg,NOT_CSAM
img_6000470.jpg,NOT_CSAM
img_6000471.jpg,NOT_CSAM
img_6000472.jpg,NOT_CSAM
img_6000473.jpg,NOT_CSAM
img_6000474.jpg,NOT_CSAM
img_6000475.jpg,NOT_CSAM
img_6000476.jpg,NOT_CSAM
img_6000477.jpg,NOT_CSAM
img_6000478.jpg,NOT_CSAM
img_6000479.jpg,NOT_CSAM
img_6000480.jpg,NOT_CSAM
img_6000481.jpg,NOT_CSAM
img_6000482.jpg,NOT_CSAM
img_6000483.jpg,NOT_CSAM
img_6000484.jpg,NOT_CSAM
img_6000485.jpg,NOT_CSAM
img_6000486.jpg,NOT_CSAM
img_6000487.jpg,NOT_CSAM
img_6000488.jpg,NOT_CSAM
img_6000489.jpg,NOT_CSAM
img_6000490.jpg,NOT_CSAM
img_6000491.jpg,NOT_CSAM
img_6000492.jpg,NOT_CSAM
img_6000493.jpg,NOT_CSAM
img_6000494.jpg,NOT_CSAM
img_6000495.jpg,NOT_CSAM
img_6000496.jpg,NOT_CSAM
img_6000497.jpg,NOT_CSAM
img_6000498.jpg,NOT_CSAM
img_6000499.jpg,NOT_CSAM
img_6000500.jpg,NOT_CSAM
img_6000501.jpg,NOT_CSAM
img_6000502.jpg,NOT_CSAM
img_6000503.jpg,NOT_CSAM
img_6000504.jpg,NOT_CSAM
img_6000505.jpg,NOT_CSAM
img_6000506.jpg,NOT_CSAM
img_6000507.jpg,NOT_CSAM
