3B5081E4B12550412CECE1B46A7C594C.jpg,bathroom
018F2C4EAD00F45ED2F3A604092380E8.JPG,bedroom
0115218643C4EEAAE8D38C4E360FA50F.jpg,G-garden_park_outdoor(with_grass_or_trees)
01C0D2BF837C23F3D5393D774751AE78.jpg,studio
0178A80E3FF74551E1037A1EC8BA3AE6.jpg,swimming_pool
0188EBAD43DA9D4E213CCC69175A9D07.jpg,bedroom
00E027DD958844177C4BB2F65BF402CE.jpg,G-garden_park_outdoor(with_grass_or_trees)
011DFC2D1882021A5EB8065A42747955.jpg,U-undefined
0107D44F03325D12B4493A90E8FAD703.JPG,bedroom
00BF279E17D9859F567367AB0DD04B75.jpg,bedroom
00D974A9D0D7CE1A331241A28AF2D0B3.jpg,F-focus_on_person_or_part_of_body
015FACEDD2DA5A3A4B7EAC1C0B5FBC50.jpg,F-focus_on_person_or_part_of_body
05300A9B36D47BCE407BA2F66969ECDC.JPG,studio
01C019CE8590C5E9D5FFBCF57D3163BE.jpg,bedroom
00BC81C4990E61C2FEE2B6A7AE9C32F3.jpg,F-focus_on_person_or_part_of_body
00BF8076F4E100CB4DDBDAE97625B247.jpg,bedroom
924BBAD3ECA75F13441FA27794D77B9D.jpg,bedroom
0E42B8C336D188FA9731B26DEC878A14.jpg,bedroom
B0333A47EA5CF78D5142ED6AE3ACB4E1.jpg,living_room
4F011767BD7F71B83C706E12F8F524E5.jpg,bedroom
8CC2607344632B74856BF628B6E2031C.jpg,swimming_pool
4A265684512264F64C3BD3B41AA24684.jpg,bathroom
2830B0D5D5E893D10AD8C153C3F087AD.JPG,bedroom
EE1167ADB63F28C2ABA1D7AA79DAAFBB.jpg,bedroom
203477C65B8985D9E459AD1F62F60F7C.jpg,bedroom
359342718C6284EB919EB16AC13D97DB.jpg,bathroom
C0E7CC4BDE6EDD8C72D0F2065670C769.jpg,bedroom
80020B2606D9EB97C29E0851E41A25A8.JPG,bedroom
CC955121A35E9F41B7542DA81C6EA136.jpg,childs_room
00054F3AE5D5F40F4613DA8F0A94DB6D.jpg,G-garden_park_outdoor(with_grass_or_trees)
10CC89654E6449AD5FCFF7B34D3525AF.jpg,studio
B2E190BCEC6AF7098922E6128C6915B5.jpg,F-focus_on_person_or_part_of_body
002342CEE0DDA0C81396BFDC1B52F21A.jpg,K-kitchen
03B714FC6C39E1E196E8580FAA4C7F5B.jpg,B-beach_lake
00EF53698E8B0713F0D2B89612A6B3C9.jpg,B-beach_lake
00961E0173AF8389AFAE91E2B7084EAB.jpg,bedroom
008A2E1AA46CC6F41A1C280B4518CE4A.jpg,G-garden_park_outdoor(with_grass_or_trees)
00434FD1962D61840D6473B7D902B1EA.jpg,K-kitchen
00A9BEBD93AA388B31E64E2DE797AB8C.jpg,B-beach_lake
03D718FC35F5CDC84F793A5EBBF0B4C1.jpg,bedroom
00D0C496161AFA43E8EF0B6F77DE23BF.jpg,childs_room
CE4F0090FFA39A3E319E08C9DF7EF54C.jpg,bathroom
0125325F21C1F2FF5A79234CA501D86F.jpg,B-beach_lake
00A373D3BA0901AB70972554DE69C8BF.jpg,G-garden_park_outdoor(with_grass_or_trees)
D50EE999D17650321A9560BD14AC821B.jpg,living_room
CB5720A0775187900327ABC480D98FD8.JPG,childs_room
370B297128F9BC823414745F03A8E2E0.jpg,G-garden_park_outdoor(with_grass_or_trees)
00C3840FC35411F2A95F6F29CC605B08.jpg,B-beach_lake
F393E148CC9B8FEF28E788FFA443B24D.JPG,bedroom
0573484E01AF7C4C65B1D8847371B4DA.JPG,bedroom
9A62B6D37809171495A37437B218CF63.jpg,childs_room
92095C7D47B6C40E15BAB8BFAA22CB0E.jpg,living_room
1AACDFF592FB066728DA9F04028F1D6A.jpg,bathroom
03E9D2280FC8FC421CE52C2C29486CD3.JPG,bedroom
5C18A8893506717065B2208DD1732DE8.jpg,childs_room
F24E9332D7E34512ACFE8841442AAB73.jpg,bathroom
0538BDD11D91E4D4BB065D4950D8FC29.jpg,K-kitchen
4144C0E55948A0D3B681A12F806F61C7.jpg,B-beach_lake
016E62217CB811C769779DB8B88009E7.jpg,living_room
EFCB84C5F9022196D75DC533F7A06DCF.jpg,living_room
81EE0A77A453CF8788D36C34D596F6CE.jpg,studio
01D47D93CA58BE2E0BA90F53849367AD.jpg,childs_room
FE7B0E8761BC802E9FCA738C6CFEB288.JPG,bedroom
00C0BE73B4F4F173292117947EC67FA4.jpg,bedroom
015203670467CB8132797693ED20AFDA.JPG,studio
01B806E628B231D48D6F1DD859D6FB23.JPG,F-focus_on_person_or_part_of_body
00C96A245758BA60DB42B8554C5AFD97.jpg,bedroom
00B443709A79E6CB9D8D29338E92E038.jpg,living_room
F5B5D57521C9520D0A043BC99448B50F.jpg,living_room
01A29A7B882D427E1007B79E97869E98.jpg,F-focus_on_person_or_part_of_body
01B404425086B5669C4D36FE68B4149B.jpg,U-undefined
155C42FBD79BD95CF8E1F9DD1263DF5D.jpg,bedroom
014143F917F895CD182DAA33C7E1353A.jpg,bedroom
E993BA45AAC9748C2A462D07D591FCA2.JPG,living_room
02489CA6FC2D4C66957F595B02DC49FF.jpg,bedroom
0B3AF68E012AAFA03C615E3119E2C8FA.jpg,bedroom
0265641B5B72C0B5F65AE33B42BAFCE8.jpg,K-kitchen
0264A921AF17CAE6EE77A7F049D79D1A.jpg,childs_room
02506964CE354AF1AF5963718CC3EC0E.jpg,living_room
01F7913572DA3EC0F04C7BC0D1B04A2C.jpg,bedroom
02326E223DA88B352EAF4A9A6BF4832E.jpg,U-undefined
01EF06DF7D1D09F7691EA56270632832.jpg,G-garden_park_outdoor(with_grass_or_trees)
B867FFA4E9DBA72A3D431C0FC21B82C7.jpg,B-beach_lake
01E632B56B583FD025548281F8399E23.jpg,B-beach_lake
01A42422C6CC8E5B4299C4C1A201F377.JPG,living_room
E5FF510029E20DC6294EC5371A517E9D.JPG,O-outdoor
B760CC0249BF6E3D0DEF06CBA1B95CAE.jpg,living_room
3CED45D2ABDE40C45F15719A94BD925C.jpg,B-beach_lake
000521714C0C9622A00D163BB97F2B22.jpg,U-undefined
E681DE6C8E714516846714D27D33DFF6.jpg,living_room
9D6842AC4CC5975BB83199999156F7BC.jpg,G-garden_park_outdoor(with_grass_or_trees)
84DA08DD270157FDE0F89B692F662B90.jpg,studio
CBA8F3C6381CC47BDDDD5DE68A94E9B2.jpg,studio
9F597C4BBBEAC50470B948B34A550D12.jpg,G-garden_park_outdoor(with_grass_or_trees)
03308A3B199B037CD39BBB3FB079364A.jpg,B-beach_lake
0257EFFC91887C5E8AFE77326013E648.jpg,studio
0326DB87713ED240F60710495364905E.jpg,O-outdoor
3564E71D9C925E751BC5C8851A97BA73.jpg,bedroom
01378CEBD74737FCD7B049718678D5CE.JPG,bedroom
01DBD304885436092D53F74BC556B77E.JPG,living_room
ABBBDC64B3FE2D6339BD95FF9EC064C3.jpg,O-outdoor
8E353838CDDCAAD0B419F3373DA021B7.jpg,bedroom
8388DF265797AE6F1D032287C9AF934E.JPG,studio
043A29AA8D455C374A1D547CA5759301.jpg,childs_room
03CBC18B85210DB55184D0DD6E3070A1.JPG,living_room
03F8A399F851C05ACD044E5C1A5ACB19.jpg,studio
0409F0702CA14320F97D04E40569CD6E.jpg,B-beach_lake
0371C2779A323097A1CA1A757581B4A0.JPG,studio
B9BD87038E38F036F59142CEC2209EFC.jpg,bedroom
00812F49B0E46E58C00F4F236CA29722.JPG,studio
03EB5041A72199D6FA008E7C6346D4F6.jpg,U-undefined
86B498986AB5D9574500F5DF75340A29.JPG,bedroom
03A32A0E324114496A654E0437CB93E0.jpg,bedroom
00ADC90242D9A48CF9C48C95D21266F3.jpg,U-undefined
0388C1F96B14CB8FADC80A9B830F1B96.jpg,B-beach_lake
005EED2FD8C4377405763DA3373CE322.jpg,bedroom
004BAED5DBC728090650B1D1FCDF8E2F.jpg,bathroom
001ACDE6916CFA571128F726196EB25C.jpg,F-focus_on_person_or_part_of_body
0295737077221B0C9842A7444C0290E1.jpg,childs_room
EFADB6D78619FB323B63907643F9A09E.JPG,bathroom
170E1B96611CA1AF06FFB5BBB4F87932.jpg,U-undefined
D4CE6B13CB846E66F966B5611B0CC6A8.JPG,U-undefined
00ED85EE2BDDF05C171CBA12D8A47FDE.bmp,G-garden_park_outdoor(with_grass_or_trees)
00977910C0A2089F61D875A6E020392B.jpg,bedroom
3F744C81097BA4A1153DBB36F47A51FC.jpg,B-beach_lake
002BF8D3D312BFF3CA42C46DB95ADCEB.jpg,bedroom
031C17A6EA408DB6CE577D15AFC50427.jpg,B-beach_lake
00999737EFD9AC8D0ADFF9C4A56064CB.jpg,U-undefined
012D680F7BF2DDC1497986224374C1A7.jpg,G-garden_park_outdoor(with_grass_or_trees)
79DD1BE7B02E110D7A0B700BA5F347C1.jpg,studio
5422CDD7D7B01C84DC73400FBFA3D3CB.jpg,living_room
FCA5B580BD2236CCD107A812A820092F.jpg,bedroom
753F1F174816C4C86F25B5AB5E7473BB.jpg,living_room
0063139A15B4DF13139F6155944D967E.jpg,L-laundry
00395CEAA2CE1C9A7EDC4B889DB03E7D.jpg,U-undefined
0324844F282E3D474C1CEC3A23475749.jpg,bathroom
008AC1D6FEB9254D7FB276E12F618440.jpg,bedroom
7D2749A9237F59745A086DE5C262043D.JPG,bedroom
1536E888332D68E630CB3E2CE9F0B5DB.JPG,bedroom
3F0602FB85A6656CCE00FF088FCDD8C9.jpg,bedroom
02078F6BAD87902F45E57A0A65B11BF3.jpg,G-garden_park_outdoor(with_grass_or_trees)
008966AE18DB42E8B1E1D861B7798A95.jpg,B-beach_lake
0053DECF84ABA7815CB450CE2430FCAB.jpg,G-garden_park_outdoor(with_grass_or_trees)
0091FEC653147A6153EF2F2F64FBBB62.JPG,F-focus_on_person_or_part_of_body
000E795A086E01EFFD30A81A812E9875.jpg,studio
005A5229895C863EA3F3565CABFB1646.jpg,G-garden_park_outdoor(with_grass_or_trees)
007C25575A603F7CF0B2B6176F066761.jpg,U-undefined
08EF9146F25BDE47051AD2BA379D4B67.JPG,bedroom
7462EF6E98FD4B40D0F84AB6231B9616.JPG,bedroom
4AD76254A39CDFF07881D6336CA358C1.jpg,bedroom
DD2B3DAECF5EACABCF1E5E9BE8114E33.jpg,G-garden_park_outdoor(with_grass_or_trees)
02E41306AB4E4120343F844802C8ABB3.JPG,studio
EE284AEFC8DEAD1F67DDAE76A609E041.jpg,studio
001DFF88DD46369AF6CBA20FC83B2850.jpg,B-beach_lake
035A1D8F2536270431DB5674A5F57B96.jpg,B-beach_lake
035D6B39B070B8801F56A7B7B28E183B.jpg,bathroom
00878274E7A6C85CF0054EDFB85DF4E7.jpg,bedroom
00A9C39B6CB9250109AF1C231C65891F.jpg,F-focus_on_person_or_part_of_body
E5049859C5B0478A341BA330F8B67D16.jpg,G-garden_park_outdoor(with_grass_or_trees)
DF2663CEC58E6816EA5DC8ECDA072999.jpg,living_room
040CDC222D6447C7107D20076AA1036F.jpg,bathroom
006A916D8584B745AD724202C616F330.jpg,studio
82205B01E7FBECD9B9778E0CA17E45F7.jpg,F-focus_on_person_or_part_of_body
E6A42AE0110EFFE8C8FD899F4C9C3DD4.jpg,U-undefined
0385AE1517842C74E724FE6557F5D0EE.jpg,bathroom
0269BCE6A1045F9673263C76D94D4055.jpg,bathroom
02159829BD2C439B0B0B11CE9B6FA186.JPG,bathroom
042130101D052D7AE1D982BCB9DF40F4.jpg,G-garden_park_outdoor(with_grass_or_trees)
F4E0446E3DB5A4B6FC777BFC25E8227E.jpg,G-garden_park_outdoor(with_grass_or_trees)
C222B2163E6D292A4043C0654C9525EC.JPG,bedroom
B9C1B7EE97051FDA1488C54F6EBF05B6.jpg,bedroom
0EA03F8B287BFE722EDBBCCDF1313B4B.jpg,B-beach_lake
F2F954C4D3611CA29E8B7958DF86F0BB.jpg,bedroom
F608542A67D03B0DFB96F51A57311CF4.JPG,G-garden_park_outdoor(with_grass_or_trees)
40EEF0D7C9374F8DDE8305571CF34C03.jpg,bathroom
64D199338F45472CF59FF88A10287AEF.JPG,childs_room
2CF8AE163A5EB7EAF5BB23E6D35A71C9.JPG,bedroom
5210441FD81221358739224816427349.jpg,U-undefined
72D8EF188C2BB4CDADA13D3C45236A16.JPG,bedroom
01185FED07F0046AAAEB5D4A7761CE67.jpg,U-undefined
171353038D438579DE43BB1C52D9A2A8.jpg,F-focus_on_person_or_part_of_body
01AE1E062C6ACE5E99FBFD1ADDFD82ED.jpg,bedroom
017D9B552EB441CB27E8AF7E753A8A80.jpg,studio
01BABBBC44E031E2359A7C8A01A308AC.jpg,bedroom
00C306E5DBFF35F6CB943EDB0ED1C6F4.jpg,G-garden_park_outdoor(with_grass_or_trees)
016571A31F578E6CDADC00F3F11BEBF3.jpg,F-focus_on_person_or_part_of_body
3FBEC12209C0E6D06CECB5EE8CF9A83F.jpg,F-focus_on_person_or_part_of_body
015D4500231194224801AA2DD25F96A8.jpg,bedroom
01E778149A4A5BC5A8A4CCF6685E3DE0.jpg,bedroom
015F9B5D3F2F77F24D90A94568A82ED4.jpg,living_room
0107C2084D996EF77210B34DC16189FA.jpg,F-focus_on_person_or_part_of_body
2D56AC47CF69257E33EAA329537B5305.JPG,U-undefined
3538DAD9022F4F4313A592D8C6F96D52.JPG,bedroom
62A84050F0FA1556BB7EE64E320804A2.jpg,bedroom
013C818663C5BCAF89B788E0ACCABB65.jpg,bedroom
01348F47220397DB1C0C9B20B76FC0E1.jpg,living_room
01C33F4E7C89EC3E685F89A860276AFF.jpg,studio
015E4CA4318A3C43F72B352358009BC4.jpg,bathroom
00BDFF861865FC18604152422E4817B9.jpg,bathroom
3C8FED210FBD8593FD93EBE173F1E130.JPG,childs_room
00CF78E6F7AD3C040831889D0CDB5C2B.jpg,F-focus_on_person_or_part_of_body
00D70666D44360C624B1BC00D799733E.jpg,F-focus_on_person_or_part_of_body
007E0BAACA57C60D5F46E777650CC24B.jpg,K-kitchen
045FF87773AC4814EFC8B980295B4595.jpg,bedroom
F55623FF3E287315CF139ADBE2D53E66.jpg,U-undefined
F874CBA52E2F66C523AA2696CDBCECAC.jpg,bedroom
81D8C9A1F7C5A9CA973BBF70B347A825.jpg,bedroom
4165DA06F0C5E6416244D17E37847099.jpeg,childs_room
0184DC246AA273106DD887A1587728A0.JPG,living_room
0052F00182070F4759E682A306D0F83C.jpg,bedroom
01720D7DFE6111359381E44F666C92BF.jpg,swimming_pool
9B8CE1CD34BA1B38D2FF942F17291541.jpg,studio
00CD832753D7F1C4FE505B3B240D42FD.jpg,bedroom
0186EB8B916B8F2BFE215C17DAF9649B.jpg,G-garden_park_outdoor(with_grass_or_trees)
01D137C0BB1C500B5AA7653E72056804.jpg,G-garden_park_outdoor(with_grass_or_trees)
64BE897D5769379687592E6E95086B1F.jpg,childs_room
01B2C35B7CA975C7ABD42BBEE6531FD8.jpg,bedroom
AF5585AB4D85C8DD34FC370C76AF9D98.jpg,studio
D185C794BA14CFF00C1B1D72684BBCFB.jpg,F-focus_on_person_or_part_of_body
01ADC524EF3158B1CE8DE1FCA442B06A.jpg,living_room
01C0D10962890B8F255D23A696714B5D.jpg,F-focus_on_person_or_part_of_body
05798969B034E602D50BA70000F2E38C.jpg,G-garden_park_outdoor(with_grass_or_trees)
030C25A366F8431172237E9EF7256DB1.jpg,swimming_pool
04BB94D430D9454ACF2D8E97C2E74A71.jpg,bathroom
047FA5E9F22456606850494B661F94C4.JPG,G-garden_park_outdoor(with_grass_or_trees)
0478DDFA5977CE06832A4AF64FA56798.jpg,B-beach_lake
DC79F9241C92F306C9E272165785163F.jpg,bathroom
D7602E4A034A038532A1103ACB1D5CD1.jpg,childs_room
046A578FD1D1C23E634D75F4319C2F24.jpg,living_room
952AE8E370E220362A9A9E6AC6EF2678.JPG,bathroom
037D9179AB29871877005DEB0668CD2A.jpeg,bathroom
041682C044726E2A5E1362FA81898CDD.jpg,living_room
03F1F4B605289F991334F369B5C3FEBC.jpg,living_room
0240FAE00F45BAD9DACE28C3094D7837.jpg,B-beach_lake
021920D4BB512CA1CB55A5F3C8FC6AAB.jpg,U-undefined
6731E7380FD16E6460CC3BCD388DF292.jpg,bathroom
663C23A5033D2515B1AEDAAD8B39B108.JPG,childs_room
4B230BF6263CE9C52265F306004577FA.JPG,bedroom
00ADBFBF77C97C81B1A9E1D2F0607A8C.jpg,bedroom
010EBC6672AC47D97EA92800DDABA9F9.jpg,living_room
632D668549D6A8C1913104105CCF6BF8.jpg,U-undefined
0046B632AB7033E93E815674DF65AA69.jpg,swimming_pool
02598BEC5DA266AF45E15B9A8B9CC039.jpg,U-undefined
0337CAB841AB2310998016187BC2BE7F.jpg,living_room
03E1B9201E6E4E5FF3A2AB40DB8E54F0.JPG,studio
03D913B75269CBFE603C1FAB76E2E4B6.jpg,O-outdoor
0439302540138BED3E3DE02321806942.jpg,studio
03720CD272868A2E6E02B2EEFFB1BC40.jpg,studio
ECC0A3911ECC123FAD6742F1A1B4B12C.jpg,childs_room
F0EF941F2F7BB5AEAAD9AD3C668B2CC4.JPG,studio
03C7949FE1A5088DD4160DDEED5973EC.jpg,G-garden_park_outdoor(with_grass_or_trees)
042B5540F0BD29245A31B025C97D7A96.jpg,U-undefined
03F7C9DEF3C27E721FCC8A17D8081518.jpg,U-undefined
00D862F41EEF1EB9090AC75A321EE69C.JPG,G-garden_park_outdoor(with_grass_or_trees)
F55DEB96A7A35D209EB44A31CF5D5BBF.bmp,living_room
05170C2410892D0C46F47C68475EFB37.bmp,living_room
51614A3FCA6BE698CD149B26DEE69F57.JPG,studio
41097504D5CD3ABA21530C2E104459F7.JPG,U-undefined
4101DE099D3554D7A4CB4E78FF6444F4.jpg,living_room
03DBDE7066599A966ADCF8EBD2BB4EAD.jpg,living_room
0530DA692D52B5251455FD5180F22FCE.jpg,B-beach_lake
41E31A806E2F10B7C4FF5EC929E1CCAC.jpg,studio
50EE46131C44FFC38EE0D944F06138C2.JPG,U-undefined
066ACA15E8FC80DED93B9AABB54CF868.jpg,studio
070DD450008CDEB0CCB4D2CF85746C7E.jpg,U-undefined
054FC82472DFAB5A66A09F2AAFD51E4D.jpg,studio
051B3795E6616CCDF65AEB0AF35D7733.jpg,studio
05A0DC85F6FC8E8C778D5B529B9DC511.jpg,bedroom
405D8497BC0656217D3E4C4C62E89ADB.JPG,studio
41A136B18D65C9964001A9ED76A3D8F8.jpg,U-undefined
F28789A88C36C54A94F02EED8039ADB3.jpg,living_room
B8F658379FAD92E04F816ACA6B7CA9E9.jpg,bedroom
0582DC240D232A72E29404BD0D895F55.jpg,studio
408D3E502E7F4A0EFC5D90ED08A71500.jpg,G-garden_park_outdoor(with_grass_or_trees)
40938752DAD7E9550692F15EEFF99E8C.JPG,U-undefined
40AA17C28960FB854F99EA56497BEBCA.jpg,bedroom
3EDD42A553224C21EFCA1E9000F709E9.JPG,bedroom
06293B41F396EE14BA15DD2D75BDA2E4.jpg,G-garden_park_outdoor(with_grass_or_trees)
41E1B3ABE56C79B9885823F1C50AECC1.jpg,G-garden_park_outdoor(with_grass_or_trees)
517242F01EB59973A700EACCEFA3449A.JPG,U-undefined
04F7665BE011783996920488D378B0B0.JPG,G-garden_park_outdoor(with_grass_or_trees)
01E9DD64EB2A7CB3778BBA8F26AB6057.jpg,studio
40AD7BB0DCCF0A0C73E15DCFA31ACD1D.jpg,studio
06E76BF01B9B749B4F1518AB4AB4C2F6.jpg,studio
B99B4E8629D764B118B190EB78EAE887.jpg,living_room
41E3F30AEB6C66A36F82102527215879.jpg,U-undefined
402CB154D7C7E3B177FE57B88E809796.jpg,studio
50FE39F54AD3CB13A6F527E5D62E3C56.jpg,bedroom
83D5134AD7633309C0AED74F7924BC60.jpg,studio
512E67775D062EA024674A66BEB19FE3.jpg,U-undefined
40D7324983DE445485A1A00B10011CA3.jpeg,U-undefined
0721FD3F69FE46E1D9928DB6DE0C05BF.jpg,U-undefined
90B3AF574DBA743F1F6A12B43C442C64.jpg,bedroom
D2C589490A847A9CB2078C03F20B1432.jpg,U-undefined
0092DED1824F835B7DC6E798CCC1D2CA.jpg,U-undefined
0566B23CE0A67A8698DB81C2645DC5E5.JPG,G-garden_park_outdoor(with_grass_or_trees)
03E7E121EB1505A7390AE6C542FEC9E9.jpg,bedroom
0984AE45CCC41B1EE8C30E62A5721CB5.JPG,bedroom
033C48369EA5912C73B140384091CABC.jpg,living_room
033CB709CBF6545A3028C9DCF7439242.jpg,bathroom
039CD637AABC6A426B2C6AD40CB2D360.jpg,living_room
03E20CCF67F3D5487494FF52E2BE1D40.jpg,swimming_pool
03F00B7127ABAFA8368DDA959A752C5F.JPG,G-garden_park_outdoor(with_grass_or_trees)
DE686C0A257685D19A3832E0696EA4B4.jpg,studio
0384E36445AF996B8ECB5C0E8610F891.JPG,B-beach_lake
03C528632E874DC391250620149B1F8B.jpg,studio
03B976CAE703E4C78C63613DFA3F28E3.png,U-undefined
034524B4EA6B5FF9721C2251C1D87E3F.jpg,B-beach_lake
03D52F362CAEAA1D7DA3C8EE8CECF23B.jpg,O-outdoor
03BAC3B09EF85A5E381896B3A7AF5297.jpg,U-undefined
0381B065190CF8072E93970916F3D36B.jpg,B-beach_lake
03F1C536C39D4A81C7CB573D25A82423.jpg,G-garden_park_outdoor(with_grass_or_trees)
70E70353E58E24C175C64F22D65E4DC3.jpg,G-garden_park_outdoor(with_grass_or_trees)
004917A1B627C1898D0C4BABF596F1B3.jpg,living_room
04B1AE596C2D57EBE55452F09C4CE1F0.JPG,studio
3EE255BC5FA493B1D277789CEC0EE6D9.jpg,living_room
041E9AABF94CEA2D8F405BB7A65F1917.jpg,studio
042F112D15F936E4F5221449B01E137B.jpg,bedroom
04AC6F6AB32B8A89D1F2DF7F7ECCF178.jpg,U-undefined
50B775E2C7E4688AB63F4955E9A5668A.jpg,U-undefined
011B5CD1C44E30EEA0B5A1BD7113DCD0.jpg,bedroom
40CD8E26282F8E5D3DC6302D1652746A.JPG,bedroom
00293A7747D37B28E6C0E0E500901F82.jpg,bedroom
D58C7385BF693F19E388D1205E9BA19B.JPG,living_room
87A9E8D395C392E09C02F854AABBEF07.jpg,B-beach_lake
F235484CAFE3A321B5735A8C4CAF0DE8.jpg,U-undefined
515C2064F618157670CCAC091EC7FD45.jpg,O-outdoor
06A6FB9A4340457FD0FDBDC46C07504C.jpg,studio
50856B5ABD6F59B954A477972D34063C.jpg,bathroom
0627DA396292D117A3E5CE2D6796E7AD.JPG,studio
04CFEDA1FE1D599B9A4C4B03401728E9.jpg,U-undefined
414CD796621ECAE727CD9278B0D16F28.jpg,studio
044052EFF5B68DB618BEC610C1C5EF49.jpg,bedroom
F5615052575CC5C1DA85DCF534A5BA6D.jpg,bedroom
B2CCB94A2BE74CAFCE0248DBDF1CAAD0.jpg,studio
BF8EA0B7D4210D0FBF2042A878C8DAF2.jpg,studio
03381D22803F347E17AF9EE133158705.jpg,B-beach_lake
0126C8FC0AF17E58DB14C8B3CA8E3C69.jpg,G-garden_park_outdoor(with_grass_or_trees)
001017EAD410EBFEDEC2CAD1B1CE6C31.jpg,bedroom
012575803DFD452C9A3099870C69EA76.bmp,G-garden_park_outdoor(with_grass_or_trees)
CD36A8E7B08C72290D33B6B5D1EAC429.jpg,B-beach_lake
DD15F8E9BE9BB8C28E801D1F10565E23.jpg,childs_room
83C53A069B84BDD3A602EB96D7F9AB2A.jpg,bedroom
FAF7C647FE3D639C6322502E978E1E35.jpg,studio
2E1F7B9DA7C46DBC9D1218AB7EF725F1.jpg,studio
D6A418C831676417F6C7A47A41016842.jpg,childs_room
007034565B86EAE2A22F1007647D8C01.jpg,B-beach_lake
CC5431B913EA086CDAB34F9E269B9220.JPG,F-focus_on_person_or_part_of_body
E3FCC8623EC05B29196A12562D5B3B6F.jpg,B-beach_lake
0379B97C52255BC14F884046F308A7E2.jpg,U-undefined
0019CC631031A9B13F03FD5D776692EB.jpeg,F-focus_on_person_or_part_of_body
0061BD891009C0B0FDE92CFC68694284.jpg,G-garden_park_outdoor(with_grass_or_trees)
0062AABA15B1F4CC3E44C9DE8B66D523.jpg,bedroom
000C524EA65633C28CB8E8695F2E27F5.jpg,G-garden_park_outdoor(with_grass_or_trees)
00A2C93BDE9609972D4F3C85A7C2A14C.jpg,bathroom
0003EF12A3BA70CF6FFF491EE14C0AE3.jpg,U-undefined
7FB9D61D7B9E8DA01DD90B7EA6CDD789.JPG,bedroom
C1DC07C4704486CBC707BDE3142B3A3A.jpg,bathroom
0FC31D34830594F8287347631ECD481D.jpg,bathroom
011ED5734C80DCA10903C20C83C2AE3A.jpg,bedroom
0FC4AE8C0FC1860F4CF99C89FC035F03.JPG,G-garden_park_outdoor(with_grass_or_trees)
B5EF298C2F0815E8F290886F374F114B.JPG,U-undefined
017897E6B9FCA8932DAECE22714B5856.jpg,G-garden_park_outdoor(with_grass_or_trees)
014E568DA4235AD990CEC4A36E755C9A.jpg,studio
018E1EDDF763C96AB66AF9D573ECB038.jpg,living_room
01A9DBF2668A731544769338FB370671.jpg,B-beach_lake
01BB72F16E2FB5FC5041B9C4173057FF.jpg,U-undefined
1D2A9938BF4753E7A6D8D4ECCA99F06B.JPG,studio
D83A2D7F62B9AEB4744ED65AE8287B66.jpg,studio
0108DFD3EC68E90BA4B6C90E3F3DF29C.jpg,G-garden_park_outdoor(with_grass_or_trees)
00F0B1CB0CD22A86CE81F2D752A6050B.jpg,F-focus_on_person_or_part_of_body
014647E554A06A81E83060F6278590AF.jpg,bedroom
0190781126380D1534D2490A968311D0.jpg,bathroom
88D982DF83A91845F820201768903382.jpg,F-focus_on_person_or_part_of_body
794F5940FBCD8B665161CA4ADEAAC03B.jpg,bedroom
CDF3DE05EAEC19FCA3D69B68B58A37BC.jpg,studio
011FF27E8B3E0ED82C2AD8AC7DDED051.png,G-garden_park_outdoor(with_grass_or_trees)
E39BCF2E0D8DA0BE83CCFC4315A68D0F.jpg,bedroom
02965D4B433213616E84351E2F746429.jpg,living_room
01017C9E047B1C956BDFFF16DFACDC0F.jpg,bedroom
01CD0EE00E0CAB11CFBB6D3922E606BE.jpg,bedroom
0157063BAA32398DF18D96C5E19F0402.JPG,bedroom
0198F1EF61D5064A2024CDF16C1627A3.jpg,studio
638A020A39CE192AB612926E60A520C8.jpg,bedroom
7A771C966C2A4B5D8C5D2B201C2212C9.JPG,bedroom
00DB82CEF3708EF9AB884481B0C826F5.jpg,bedroom
03DF2332E00A1714CC8EE03612474BE2.jpg,living_room
02B054A803DF4D5E30F9EF52B8591A2C.jpg,bedroom
02863482737E5322FCF22AECB2D20884.jpg,bedroom
02EC2EDAA39C354B13DF83FE1678F217.jpg,childs_room
6E2873B7632305035E67E615BA1BCA66.jpg,bedroom
024050F35220ABDA379A3D6A133A1895.jpg,living_room
02165C9FFC63900AC74C381DD0CE6AAE.jpg,bedroom
2620C8E6F627D8153DE09188FD0943D8.jpg,living_room
DEBCDC3E146A40F71EB216B89AD67533.jpg,U-undefined
E690EC3AD3D7B7B699271D740FD98F79.jpg,bedroom
02E9B203B14F5EB2E96A2BB4A6949484.jpg,childs_room
021FACA0D602D02AAB8BBFC36E8E9E65.jpg,G-garden_park_outdoor(with_grass_or_trees)
0226B9F97333F7189AE97B271E7D7E7B.jpg,bedroom
0391D9F7F0DD0034C00DC985EF1DC8B9.jpg,G-garden_park_outdoor(with_grass_or_trees)
025624F39D0A052442709BDDAF44F8DD.jpg,U-undefined
0402A9FEF2229BDF99722B2F0724A97A.jpg,swimming_pool
0436D03369F7C8B619C949E96D7334A3.jpg,bedroom
F1C493F51BA4C1E1FA9C7227BA8CE24A.jpg,bedroom
01856783F2F1B78A4F9100060C6B7C92.jpg,bedroom
04179ED0D5AB669AAADFFC8E057CB849.jpg,O-outdoor
13D92B9FA5D9711EA145263BDF4EC8AD.JPG,G-garden_park_outdoor(with_grass_or_trees)
E0D9DB09C0DD45C9B4745C963FD150E3.JPG,bedroom
024AF72B86F2A3A73D554896F3396638.jpg,studio
036C9D74CF879260B497EBBB24BCCD9C.jpg,O-outdoor
037EC1517A67B8F5E58BB09BD37E0C82.jpg,studio
039CA5559D9805C31146D12AF87408D9.jpg,studio
0008A95986028AA19844A35A1D177854.jpg,bedroom
0384BFA78E0F67890404E54F9C184181.jpg,U-undefined
38FE0042E6F21567E30CEF3807E85CA8.jpg,U-undefined
500CF62F6E6D24F9B0C821A2922CEE9B.jpg,bedroom
EE93E3AB4DB74BDD8F38840ACAB63E48.jpg,studio
4AC1D8A89376CF3F1484736F0F548635.jpg,studio
03E6B7201F4A65715741040FC9FC9539.jpg,B-beach_lake
9F892751107C73074A08D4205694C143.JPG,O-outdoor
048D90F33C995B8BC926A87A6A0D8774.jpg,studio
04278E3A9BAB4C28381F641984A8FB55.jpg,U-undefined
F36F0E3AEEC4B2769E17F0C3EA4A04F0.JPG,B-beach_lake
35481600C2054BE0143DD6873D341078.jpg,studio
042419F6D3DB67875A536958534593DE.JPG,U-undefined
0379D969CADE9B342871E7D21BE7B0EF.jpg,living_room
869E10F001954F181032BF6D95FB47A8.jpg,bedroom
03C9AC13DFAD1E9DC712C503E9C2112B.jpg,studio
4104F677828C6DF7ACF651C768F02BBA.jpg,U-undefined
0170FD55243F0D342A349AC51ADF4A26.jpg,studio
40375DA13BB6AA17D642C1119791D79A.jpg,bedroom
DB9315634B800E98D45547DADA1E8832.jpg,U-undefined
05A4D683B4945173FACE598B8AE24FD0.jpg,G-garden_park_outdoor(with_grass_or_trees)
515FD0E3DF889BFDD5664379EB9D8DAF.jpg,living_room
0111FD25228EB91B137B397C1577F463.jpg,living_room
411A120CD735788D489EBEFB184850B5.jpg,living_room
EC6C10FE57DF1A0C29A96DAB345F7F8A.jpg,bedroom
4000E1EBC5BC8CA9942D611E0DCBA6F3.JPG,studio
50B1B90E0788AD8BD0C39E5441470304.jpg,O-outdoor
05A126E74F22CFD14F213C45991E5257.jpg,studio
96FC49D2DADD5411EDAA5224903C3E7B.jpg,studio
40C11DCFA6DCB149743A3461353A2481.jpg,studio
04D8914B9EC7D66ED41C344DE3731243.jpg,living_room
7E99376912FE550EBA4343D76E16F3AC.jpg,U-undefined
420326704BBF5CF8D227258210F7FA19.jpg,bedroom
423113277D6154CC3C7C9410E15A6316.jpg,U-undefined
50E5DAE425AA75B7C895A144CEF357CE.jpg,U-undefined
06A01A48001D253335FB2C8B3A15DF6C.JPG,U-undefined
04FE45A3E5DA16226EF7D95647635C98.jpg,studio
503E67A47D08A017389F054092396E4F.jpg,living_room
F327FEC3A898C2EC96EC47AB170515B5.jpg,G-garden_park_outdoor(with_grass_or_trees)
A2AA253FD0018F8B429D8D63F9A6A1C8.jpg,U-undefined
013091CA03C66B57B0879030409586CE.jpg,studio
F4FCBA1357250444ED3FD40C40782212.jpg,U-undefined
00EB849273F81E1D24486057D0B317E3.jpg,bathroom
0089A65A24E253D54DF7072BF5FE9F3B.jpg,childs_room
04CC070A2A0E3EDFA6ED1F10859306BB.jpg,G-garden_park_outdoor(with_grass_or_trees)
831E3713C7ED6EBA517271D216A77DB7.jpg,bathroom
98342743E0D54C982109EB3A209A679E.jpg,bathroom
340A76A09E42476F98A8A40B7B2890E6.JPG,B-beach_lake
03E6D71168AE513C09DA173917C7553E.jpg,bathroom
0482991C3661CE30CB785A83E4A6F7DD.jpg,G-garden_park_outdoor(with_grass_or_trees)
06F0895A27D8B5FD87A1832336A945CD.jpg,bedroom
7CEF553265291B5D457DE5FD029F245D.jpg,bathroom
E83916C5CDCD952AAEC9255484A19E09.jpg,childs_room
039C4C6C9D0028687C4552DD0FCEBD3B.jpg,living_room
B72F99A76E36643E32EC789AC054E85C.jpg,bedroom
EC3BFE33F45A1E638864363DE5CB0BFD.JPG,U-undefined
0207C6EF5C00B9D470F308481A2EA24A.jpg,G-garden_park_outdoor(with_grass_or_trees)
0240D1B741F348AB54EA2499D8CD0FBC.jpg,U-undefined
01F9B16BFC21B121792352A2AD7BF39A.jpg,U-undefined
9980CB8538A02710787C945A0521B103.jpg,bedroom
0257839C9E0CB8B5331BEEE861F302F7.jpg,bedroom
020B4FFE9FF5E6812F1C8ED8BAE3BEF0.JPG,F-focus_on_person_or_part_of_body
9A7E97E8AE9ACD808F98DB75DB59C71F.jpg,bedroom
76F73CA02B538420893829CD6D4F4376.JPG,F-focus_on_person_or_part_of_body
02229D246DFBA88310C00647B12343E8.jpg,F-focus_on_person_or_part_of_body
F4CD6D58670A25F95A01D36BD0ECCE54.jpg,bedroom
01F21BC22078F630C60C988E0186A138.jpg,U-undefined
01F70ED9005C226E54467ACF4F8F27F6.jpg,bedroom
03488240946E0779AD75F087C0A5ADA7.jpg,bedroom
423E965D2F71E3AEE46A3A0838B54E8E.jpg,studio
027F5401B2AD388385CD70E51C9B7B07.jpg,G-garden_park_outdoor(with_grass_or_trees)
031F3798F170C2EE371B494422BF73F6.jpg,studio
37EB4B1D9A8323209905A14F58E1DD01.jpg,studio
AB3DEC9E22BF09DA4B58FB96FC71D05E.jpg,U-undefined
EDC117012AF7E4202C28D97714C40447.JPG,K-kitchen
DC0D6FB7BDB80F1C3AEAE75F0709ABC0.JPG,bedroom
AD11ECA9C1F0380FF108DEA66D984A84.jpg,living_room
D89DFB58C4CF545B4306745299F8C463.jpg,living_room
4CF63A71CF1F73B2EF65EF2C288D1AC7.JPG,U-undefined
B36C2E1A3807045C8F14CBC4E3930F4B.jpg,B-beach_lake
01D0EE6D857E2684B34266246FC073BE.jpg,G-garden_park_outdoor(with_grass_or_trees)
8A19BF48AE5D156B970A8E41C3CE8C57.jpg,studio
020EAAFF09FEE275003E8F08CF07317F.jpg,studio
026833310F6720D38E6079D3B5DEC39D.jpg,bedroom
031F0F19AD12BEA5E0FC24E3DE84E0E4.JPG,studio
0251837FA0E800D0D4B5BF5B9997AFDE.jpg,studio
006877005CA538F608ACF509F58EAE3F.jpg,U-undefined
0326776E5BBD99D829CDE285040B9635.jpg,G-garden_park_outdoor(with_grass_or_trees)
025F8B8BFA0A3EF751D148324C0BE2C7.jpg,bedroom
4FA55E0579918C1B34C02B3A19715344.jpg,living_room
322658BAFD3A25FA22F3C896300807DE.JPG,studio
8A0CC8B7BB046CA98360071C29BCAD49.jpg,studio
B94174F6B59726B21D1F7192C22917F7.jpg,living_room
592F4958CE49BCA5D715F60958F87340.jpg,bedroom
ED5D1539551A751E72E9214A230FF625.JPG,U-undefined
001C29A0927C445AB314727292DA2A31.jpg,studio
0136A796AF26AF76A081FB8C6741B0E0.jpg,G-garden_park_outdoor(with_grass_or_trees)
01F909D305F40D20A709753DE328886C.jpg,U-undefined
88E43FA046801E33EFE564B17BCCD39B.jpg,B-beach_lake
00F99A757EB8EB4E338521599867778D.jpg,studio
0359DD5937684659E0A4B830A19AFFD5.jpg,studio
0301D51A6046FD25ABAC48FE915D9E0A.jpg,U-undefined
EF684B13300B23C6A44DF062758F6090.JPG,G-garden_park_outdoor(with_grass_or_trees)
652DAC9DF33E99CD4EC1CCE7EC96875B.jpg,studio
131C9FD5E352A2335D01264FF358D957.jpg,studio
A137BC077C68504589EE8ED0366A07B3.jpg,studio
0123B8A12035BB06C007FEF53BACA520.jpg,G-garden_park_outdoor(with_grass_or_trees)
01A89BDA26BB5CFDB0A6209FB767A847.jpg,studio
032727AE603E79A36315E89F58980EB5.jpg,living_room
015E8F1EF02ED7C37900C5B193F50B89.jpg,bedroom
28E80BB2E201ACEF3E5263EE5DBD9755.jpg,studio
D6C83BCEAF455F9AD6B122772D862C8C.jpg,U-undefined
001204DB4D573BCBC6420A2725C17F7D.jpg,studio
009233C7D0EC31F96E149625392D2EC4.jpg,studio
03A0ECC28DBD2CF2DB45339413E9D90A.jpg,studio
04295F9FC1D6252D71623C3B6A6FDEB1.jpg,O-outdoor
03906EFAD475BEA4018507C8F33D0FCE.jpg,B-beach_lake
04B1271E72E660AA81CD1A75D4A880F1.jpg,G-garden_park_outdoor(with_grass_or_trees)
042FEB773A6461B1C235951B269A603B.jpg,B-beach_lake
7D1BA7D2DB2F3C12585C0A32C81A232C.jpg,G-garden_park_outdoor(with_grass_or_trees)
FD21128A6CBA7E1DC9FAD5F438114EF2.jpg,studio
0398BDE261C73AA98E8F289A98F0A8FF.JPG,studio
07DFBB3EBF3CF3EA7DCE503C718E78C7.jpg,O-outdoor
557B2AF96476CE065E7CE3D1AE3A3F4A.jpg,bathroom
725C5FCCC3D101B9A1C41243D6539863.jpg,bedroom
7C1D343FA5E531B74AD8FB4895B78398.jpg,B-beach_lake
8786C75107024B6EE7D1D95CACE07E80.jpg,B-beach_lake
0385BE5FE3CC3583772CFC6BB04C792D.jpg,B-beach_lake
039127D9F6E7B0530EA8C9522EB922E1.jpg,studio
03A828FF9EA639C4CDE4582013A63AF9.JPG,living_room
0012C3B70B2B5AB453F6C337F56DC299.jpg,O-outdoor
007F48820D035AECB8476D7DF56FCD3B.jpg,bedroom
02213C6B73220BA0D92015611DE2253C.jpg,studio
17DF4DA8E9C0C327B686432A3E30D13E.jpg,studio
316ACD4EB433801336BC67C6E32D57BA.jpg,U-undefined
03AE7EDB81B54FD796C229B5CC1B4CD0.jpg,studio
03C5B6FF11829F33840A58ECE68DD341.jpg,studio
041BD8C639FF4CC04943A4F27F0541BF.jpg,O-outdoor
03B4583A357DA5F33CD5763236EB3721.JPG,living_room
03A7E5D2A34100777E3CC58EE9EE692A.jpg,O-outdoor
5A3CCFBC4F3BD0816E4BC1011156F41A.jpg,U-undefined
2C3A75A2536737D0E17B688C7FB045B4.jpg,bedroom
0CDC2FDD38DF3B160F220FF323778C17.jpg,U-undefined
011413209CB9FD92DD777D17AF955F8C.jpg,U-undefined
4052EE3AF633A67CB13DB3934DA8941D.jpg,studio
DDB8BC7F8BE8F7F6EBE578CE23CA072C.jpg,bathroom
40B17BCDDCAE004D0F28648060E8C51F.jpg,studio
5179FE25E68400F3A2AB47533579AF35.jpg,living_room
05E19B3B2BED3A6B71D8278CF5EE6507.jpg,G-garden_park_outdoor(with_grass_or_trees)
071BA2A69AE5AFFDFBC375A6FCEE1E91.jpg,studio
504FC2F977F020D2F1B74E549B690B1C.jpg,B-beach_lake
000AC847717D94F5BFD282146BA26F1D.jpg,studio
42F994D8EE659D9853A2342C0387D0B3.JPG,U-undefined
F20924DAB1D8C9E5D3B9D9D3A39F0468.jpg,U-undefined
416A65191A94E38CF1877FCFAF9F5A1E.jpg,B-beach_lake
06618C24064B668489A55A87B0C84D39.jpg,bedroom
419E7C021F16969978B58A388F3609B5.jpg,living_room
96C8D22D064A71C02754007EDC54FB2F.jpg,U-undefined
519A9883DD897013EEBA300C8AD01033.jpg,bathroom
0207FB74A8835F6E46648BE429E0B283.JPG,bedroom
02578547AE84455AE9256C89B882A63B.jpg,bedroom
16FC5E809735B66CB2BBC9EA7AFD179B.jpg,bedroom
423C33F500691AD268799A061624794D.jpg,G-garden_park_outdoor(with_grass_or_trees)
2A599FEFE37F7576570ED66C34CAC5AD.JPG,F-focus_on_person_or_part_of_body
02B3E43A1F52B6BB37F6669A79AD14BC.jpg,childs_room
023B5A01A629C55A45B2502AFB282C10.jpg,G-garden_park_outdoor(with_grass_or_trees)
0205C3DD4035675B4B72D18D764ED733.jpg,U-undefined
01E607AECE24E52400C4D798B108D0F0.jpg,studio
02F8DCAE01767FD1290674A038959D17.JPG,bedroom
00263D6B2B714BC98B64621F056B5CC8.JPG,studio
00DA44AECA5011EB567B9441C94C8023.jpg,bedroom
0293B3CC3541DAB8966476AFC48A0AD5.JPG,bedroom
E9E100520DA3820BFB2217FF7898375D.JPG,studio
000F34A96111AC6CEAE8D9DDFA4A2EBE.jpg,studio
88776D1A593275A87E933666F7B3C0F4.JPG,studio
02675C524C80FB9A3A2551D6FDF349B8.jpg,U-undefined
031A853781384E7936212F88BA4D2A02.jpg,U-undefined
01C46EBE48F505308DFEA8438D0A6CE1.jpg,L-laundry
03037526F842C6CC19FAA1A92A9ADD45.JPG,U-undefined
14C18527B4F0D4502AA5B13040D7B0AC.JPG,studio
846E83CEFFAD25366CC022E739AD11CB.jpg,studio
B8DAF3AE530245E1F986B6926CEED5D9.jpg,U-undefined
E308672EB6F3EA6034679AE2C1301C27.jpg,K-kitchen
00F69901DFFED05BD352FBE30DE1D57F.jpg,studio
00F7C47C787027AFA44BB751E4BD4995.jpg,U-undefined
03503086D96AFFC2DF92DC6F4D2D34B5.jpg,U-undefined
0217F1358F39CD3C9551C57A9EB47968.jpg,bathroom
03381FCA56B7DF05FF43015BEB12DA36.jpeg,childs_room
8C9FBDDCD44A5A4334902A93A069971E.jpg,B-beach_lake
0372CF7D56F6F13B05DEABBEEDBF7B4A.jpg,swimming_pool
01E20BF609756E70B9513E26DD99CC27.jpg,studio
03FD517F65FD1383FC1FBC65AAF37BAD.jpg,G-garden_park_outdoor(with_grass_or_trees)
00A9E1B09C0D424FE117C7710E70DAC9.jpg,bedroom
83BECF16AD83379E1CD8C585296C51C3.jpg,bedroom
326F255CE2C29FDA13436E952CA4EDEC.jpg,U-undefined
F509D7147F468B1509AE6717C991643C.jpg,studio
03F1711F75B2839631C05068687E0B17.jpg,childs_room
048FE40448C71DB22B51CF24210C24C5.jpg,bedroom
BE2CA02952F7D2890227E01243E5EA42.jpg,U-undefined
04BE70267C2C3DD038DCF0A642FFF266.jpg,studio
038156388383FB792151404CF715D20B.JPG,studio
020999DE8E0F75EE63A57394C94930A4.jpg,G-garden_park_outdoor(with_grass_or_trees)
009E04ECA75B0E5E9199F9EF15CD6CC9.jpg,B-beach_lake
